1,4,0.928,0.0160212466930635,0.93,0.0158141759190923,1.0,0.0,1.0,0.0,1.0,0.0,0.86,0.0215064790237732,0.869,0.0209122907018815,0.94,0.0147195869507265,1.0,0.0,1.0,0.0,0.954,0.012984019963016,0.934,0.0153886838423563,0.917,0.0170993572276854,1.0,0.0,0.865,0.0211802464574895,0.953,0.0131175114103247,0.939,0.0148338466487961,0.929,0.01591816868864,0.879,0.0202135779712548,0.858,0.0216343517952352
1,5,0.936,0.0151699441791985,0.938,0.0149469759349508,0.936,0.0151699441791985,0.89,0.0193931080541516,1.0,0.0,0.935,0.0152798311508995,1.0,0.0,0.946,0.0140087220830452,1.0,0.0,0.943,0.0143697544029116,0.933,0.0154965240489601,0.954,0.012984019963016,0.874,0.0205682366380786,0.938,0.0149469759349508,1.0,0.0,1.0,0.0,0.865,0.0211802464574895,0.814,0.0241170812164324,1.0,0.0,1.0,0.0
1,6,1.0,0.0,1.0,0.0,0.773,0.0259632315708195,0.941,0.0146041703085112,0.935,0.0152798311508995,1.0,0.0,1.0,0.0,1.0,0.0,1.0,0.0,1.0,0.0,1.0,0.0,1.0,0.0,1.0,0.0,1.0,0.0,0.929,0.01591816868864,0.933,0.0154965240489601,0.932,0.0156033727636046,1.0,0.0,1.0,0.0,0.925,0.0163251646239785
1,8,0.937,0.0150590002855435,1.0,0.0,1.0,0.0,0.929,0.01591816868864,1.0,0.0,0.936,0.0151699441791985,0.934,0.0153886838423563,0.943,0.0143697544029116,1.0,0.0,0.936,0.0151699441791985,0.94,0.0147195869507265,1.0,0.0,1.0,0.0,0.943,0.0143697544029116,0.948,0.0137613776054579,0.93,0.0158141759190923,1.0,0.0,0.934,0.0153886838423563,1.0,0.0,0.926,0.0162247279915565
1,11,0.929,0.01591816868864,1.0,0.0,0.937,0.0150590002855435,0.939,0.0148338466487961,1.0,0.0,1.0,0.0,0.942,0.0144875690714488,1.0,0.0,0.937,0.0150590002855435,1.0,0.0,1.0,0.0,1.0,0.0,1.0,0.0,1.0,0.0,1.0,0.0,0.944,0.0142506962075542,1.0,0.0,1.0,0.0,1.0,0.0,0.936,0.0151699441791985
1,14,1.0,0.0,1.0,0.0,1.0,0.0,1.0,0.0,1.0,0.0,1.0,0.0,0.939,0.0148338466487961,1.0,0.0,1.0,0.0,1.0,0.0,1.0,0.0,1.0,0.0,1.0,0.0,1.0,0.0,0.938,0.0149469759349508,0.94,0.0147195869507265,1.0,0.0,1.0,0.0,1.0,0.0,0.943,0.0143697544029116
1,18,0.939,0.0148338466487961,1.0,0.0,0.934,0.0153886838423563,1.0,0.0,0.93,0.0158141759190923,0.935,0.0152798311508995,1.0,0.0,1.0,0.0,0.947,0.0138857389288435,1.0,0.0,1.0,0.0,1.0,0.0,0.94,0.0147195869507265,0.946,0.0140087220830452,0.946,0.0140087220830452,0.929,0.01591816868864,1.0,0.0,1.0,0.0,0.941,0.0146041703085112,0.938,0.0149469759349508
1,23,0.93,0.0158141759190923,1.0,0.0,1.0,0.0,0.935,0.0152798311508995,1.0,0.0,1.0,0.0,1.0,0.0,1.0,0.0,1.0,0.0,1.0,0.0,1.0,0.0,0.929,0.01591816868864,0.94,0.0147195869507265,0.926,0.0162247279915565,1.0,0.0,0.929,0.01591816868864,1.0,0.0,0.918,0.0170053015733329,0.933,0.0154965240489601,0.957,0.0125732128590905
1,30,0.929,0.01591816868864,1.0,0.0,1.0,0.0,1.0,0.0,1.0,0.0,1.0,0.0,0.952,0.0132493680453069,0.932,0.0156033727636046,0.951,0.0133796382013864,1.0,0.0,1.0,0.0,1.0,0.0,1.0,0.0,0.944,0.0142506962075542,0.933,0.0154965240489601,0.935,0.0152798311508995,1.0,0.0,1.0,0.0,1.0,0.0,1.0,0.0
1,39,0.936,0.0151699441791985,0.932,0.0156033727636046,1.0,0.0,1.0,0.0,0.946,0.0140087220830452,1.0,0.0,1.0,0.0,0.932,0.0156033727636046,1.0,0.0,1.0,0.0,0.942,0.0144875690714488,0.941,0.0146041703085112,0.942,0.0144875690714488,0.933,0.0154965240489601,0.938,0.0149469759349508,1.0,0.0,1.0,0.0,1.0,0.0,1.0,0.0,0.939,0.0148338466487961
1,51,0.921,0.016718581710181,1.0,0.0,1.0,0.0,0.942,0.0144875690714488,0.943,0.0143697544029116,0.942,0.0144875690714488,1.0,0.0,1.0,0.0,1.0,0.0,1.0,0.0,0.936,0.0151699441791985,0.938,0.0149469759349508,0.919,0.0169104956284551,1.0,0.0,0.932,0.0156033727636046,0.937,0.0150590002855435,1.0,0.0,0.938,0.0149469759349508,1.0,0.0,1.0,0.0
1,66,0.946,0.0140087220830452,1.0,0.0,1.0,0.0,1.0,0.0,0.94,0.0147195869507265,0.944,0.0142506962075542,1.0,0.0,0.94,0.0147195869507265,0.939,0.0148338466487961,0.947,0.0138857389288435,1.0,0.0,1.0,0.0,1.0,0.0,1.0,0.0,1.0,0.0,1.0,0.0,0.937,0.0150590002855435,0.931,0.0157092502176265,0.949,0.0136356004048226,0.944,0.0142506962075542
1,85,1.0,0.0,1.0,0.0,0.933,0.0154965240489601,1.0,0.0,0.939,0.0148338466487961,0.941,0.0146041703085112,0.928,0.0160212466930635,0.954,0.012984019963016,1.0,0.0,1.0,0.0,1.0,0.0,1.0,0.0,0.93,0.0158141759190923,1.0,0.0,0.931,0.0157092502176265,0.934,0.0153886838423563,1.0,0.0,0.946,0.0140087220830452,0.953,0.0131175114103247,1.0,0.0
1,110,0.926,0.0162247279915565,0.941,0.0146041703085112,0.927,0.0161234274768114,1.0,0.0,0.935,0.0152798311508995,1.0,0.0,0.933,0.0154965240489601,1.0,0.0,0.945,0.0141303630526607,0.944,0.0142506962075542,0.933,0.0154965240489601,1.0,0.0,1.0,0.0,0.937,0.0150590002855435,0.931,0.0157092502176265,0.935,0.0152798311508995,1.0,0.0,0.949,0.0136356004048226,1.0,0.0,0.951,0.0133796382013864
1,142,1.0,0.0,1.0,0.0,0.946,0.0140087220830452,1.0,0.0,0.933,0.0154965240489601,0.934,0.0153886838423563,0.931,0.0157092502176265,0.938,0.0149469759349508,1.0,0.0,0.92,0.0168149267021893,1.0,0.0,0.922,0.0166214471572122,1.0,0.0,1.0,0.0,0.933,0.0154965240489601,1.0,0.0,0.944,0.0142506962075542,0.945,0.0141303630526607,0.937,0.0150590002855435,0.935,0.0152798311508995
1,184,0.932,0.0156033727636046,1.0,0.0,0.938,0.0149469759349508,0.922,0.0166214471572122,0.928,0.0160212466930635,1.0,0.0,0.928,0.0160212466930635,1.0,0.0,0.934,0.0153886838423563,1.0,0.0,0.925,0.0163251646239785,1.0,0.0,1.0,0.0,1.0,0.0,0.936,0.0151699441791985,1.0,0.0,1.0,0.0,0.949,0.0136356004048226,1.0,0.0,0.934,0.0153886838423563
1,237,1.0,0.0,0.938,0.0149469759349508,1.0,0.0,1.0,0.0,0.947,0.0138857389288435,0.947,0.0138857389288435,1.0,0.0,1.0,0.0,1.0,0.0,1.0,0.0,1.0,0.0,1.0,0.0,1.0,0.0,0.939,0.0148338466487961,0.932,0.0156033727636046,1.0,0.0,1.0,0.0,1.0,0.0,1.0,0.0,0.938,0.0149469759349508
1,307,0.946,0.0140087220830452,1.0,0.0,1.0,0.0,0.954,0.012984019963016,0.939,0.0148338466487961,1.0,0.0,0.931,0.0157092502176265,1.0,0.0,1.0,0.0,0.928,0.0160212466930635,0.935,0.0152798311508995,1.0,0.0,1.0,0.0,1.0,0.0,1.0,0.0,1.0,0.0,0.946,0.0140087220830452,1.0,0.0,0.947,0.0138857389288435,0.939,0.0148338466487961
1,396,1.0,0.0,1.0,0.0,0.93,0.0158141759190923,1.0,0.0,0.929,0.01591816868864,1.0,0.0,0.945,0.0141303630526607,1.0,0.0,0.935,0.0152798311508995,1.0,0.0,0.946,0.0140087220830452,0.937,0.0150590002855435,1.0,0.0,1.0,0.0,1.0,0.0,1.0,0.0,0.937,0.0150590002855435,1.0,0.0,0.941,0.0146041703085112,0.941,0.0146041703085112
1,512,1.0,0.0,1.0,0.0,0.947,0.0138857389288435,1.0,0.0,1.0,0.0,1.0,0.0,0.942,0.0144875690714488,1.0,0.0,1.0,0.0,0.929,0.01591816868864,0.942,0.0144875690714488,1.0,0.0,1.0,0.0,0.929,0.01591816868864,0.944,0.0142506962075542,1.0,0.0,1.0,0.0,0.94,0.0147195869507265,0.935,0.0152798311508995,1.0,0.0
2,4,0.769,0.026123131175263,0.768,0.026162586294172,0.718,0.0278896360965861,0.655,0.029463631140781,0.642,0.029714272287909,0.729,0.0275489138515477,0.719,0.0278595230109921,0.754,0.026693732118233,0.642,0.029714272287909,0.634,0.0298566614074648,0.708,0.028181501336869,0.724,0.0277063869604104,0.732,0.0274523172355267,0.604,0.0303125263612256,0.722,0.0277681577638848,0.713,0.0280376612719392,0.602,0.0303386221440592,0.591,0.0304727371661949,0.615,0.0301594900487392,0.721,0.0277987844050778
2,5,0.647,0.02962071683129,0.738,0.0272542915813271,0.77,0.0260834690944283,0.589,0.030495420744761,0.682,0.0288643524368727,0.748,0.0269095937093074,0.717,0.027919579108575,0.789,0.0252892413172083,0.708,0.028181501336869,0.623,0.0300379831812989,0.756,0.0266202348299183,0.608,0.0302587438205884,0.622,0.0300536457954771,0.623,0.0300379831812989,0.742,0.0271186381958976,0.744,0.0270497042941323,0.707,0.0282097728030553,0.646,0.0296397107678195,0.709,0.0281530650267426,0.61,0.0302310542323617
2,6,0.724,0.0277063869604104,0.597,0.0304015523551018,0.736,0.0273210220599449,0.685,0.0287909923413556,0.819,0.0238636741177883,0.662,0.0293186126820489,0.782,0.0255910258020267,0.798,0.0248847453995414,0.603,0.030325640398844,0.683,0.02884005300966,0.796,0.0249762762316563,0.699,0.0284300685612961,0.776,0.0258410966949934,0.767,0.0262018353860946,0.696,0.0285100174394895,0.72,0.0278292392997005,0.613,0.03018851784371,0.734,0.0273870288713471,0.588,0.0305065673191855,0.807,0.0244608471153392
2,8,0.551,0.0308286879123974,0.776,0.0258410966949934,0.68,0.0289124914180704,0.84,0.022722478738025,0.703,0.0283212200584649,0.721,0.0277987844050778,0.751,0.0268025252243142,0.773,0.0259632315708195,0.727,0.0276124282452666,0.678,0.0289600197789987,0.714,0.0280083931420565,0.941,0.0146041703085112,0.721,0.0277987844050778,0.728,0.0275807589743284,0.74,0.0271868321067387,0.703,0.0283212200584649,0.689,0.0286910126415921,0.865,0.0211802464574895,0.889,0.0194701116175537,0.645,0.0296585630130658
2,11,0.747,0.0269449035181052,0.738,0.0272542915813271,0.816,0.0240165191149758,0.84,0.022722478738025,0.898,0.018758336642677,0.931,0.0157092502176265,0.843,0.0225486053138547,0.816,0.0240165191149758,0.689,0.0286910126415921,0.751,0.0268025252243142,0.903,0.0183436524607287,0.718,0.0278896360965861,0.849,0.0221920994590417,0.832,0.0231724724964773,0.847,0.0223122563986702,0.904,0.0182589543621752,0.824,0.0236034785233024,0.943,0.0143697544029116,1.0,0.0,0.742,0.0271186381958976
2,14,0.996,0.0039121521442806,0.833,0.0231172839581123,0.886,0.0196981462681136,0.983,0.0080123016418504,0.843,0.0225486053138547,0.843,0.0225486053138547,0.878,0.0202853845317262,0.838,0.0228368178518812,0.89,0.0193931080541516,0.916,0.0171926749053194,0.987,0.0070207955104817,0.821,0.02376042285819,0.912,0.0175587997767501,0.768,0.026162586294172,0.786,0.0254199230211265,1.0,0.0,0.851,0.0220705921624228,0.877,0.0203567490921315,0.826,0.0234974491892205,0.954,0.012984019963016
2,18,0.941,0.0146041703085112,0.946,0.0140087220830452,0.972,0.0102251154321112,0.881,0.0200686198429289,0.873,0.0206378786119116,0.899,0.0186765478180524,0.888,0.0195466152977951,0.97,0.0105731055040607,0.828,0.0233902822898741,0.911,0.017648600125789,0.813,0.0241669669093992,1.0,0.0,0.878,0.0202853845317262,1.0,0.0,0.906,0.0180877312673535,0.872,0.0207071008497085,0.893,0.019159037595871,0.829,0.0233362673621982,0.901,0.0185112635549278,0.831,0.0232273645168796
2,23,0.935,0.0152798311508995,0.861,0.0214419879302269,0.978,0.0090915271324459,0.986,0.0072821319955079,0.905,0.0181736501562014,0.805,0.0245567742181256,0.866,0.0211138492558794,0.869,0.0209122907018815,0.881,0.0200686198429289,0.973,0.0100460277523009,0.88,0.0201413246833469,0.943,0.0143697544029116,0.861,0.0214419879302269,0.837,0.0228935215639708,0.848,0.0222523453505467,0.949,0.0136356004048226,0.865,0.0211802464574895,0.869,0.0209122907018815,0.827,0.0234440089063282,0.888,0.0195466152977951
2,30,0.941,0.0146041703085112,0.849,0.0221920994590417,0.862,0.021377122575314,0.955,0.0128488427494463,0.939,0.0148338466487961,0.875,0.0204981706500848,0.89,0.0193931080541516,0.936,0.0151699441791985,0.864,0.021246255350061,0.888,0.0195466152977951,0.891,0.0193155986290873,0.881,0.0200686198429289,0.917,0.0170993572276854,0.905,0.0181736501562014,0.955,0.0128488427494463,0.991,0.0058534801955759,0.884,0.019847746229736,0.886,0.0196981462681136,0.813,0.0241669669093992,0.936,0.0151699441791985
2,39,0.888,0.0195466152977951,0.857,0.0216977400113468,0.929,0.01591816868864,0.821,0.02376042285819,0.84,0.022722478738025,0.974,0.0098632995696166,0.95,0.0135083677770484,0.936,0.0151699441791985,0.965,0.0113907875056995,0.951,0.0133796382013864,0.893,0.019159037595871,0.878,0.0202853845317262,0.924,0.0164247532218904,0.845,0.0224310846817535,0.889,0.0194701116175537,0.916,0.0171926749053194,0.882,0.0199954585243749,0.883,0.0199218356985494,0.967,0.0110720051300566,0.861,0.0214419879302269
2,51,0.966,0.0112326982688933,0.879,0.0202135779712548,0.882,0.0199954585243749,0.876,0.0204276762848837,0.99,0.0061669960272404,0.846,0.0223718352935113,0.952,0.0132493680453069,0.853,0.021947712081217,0.881,0.0200686198429289,0.908,0.0179140140002178,0.844,0.0224900071676289,0.894,0.0190799733333146,0.94,0.0147195869507265,0.951,0.0133796382013864,0.906,0.0180877312673535,0.95,0.0135083677770484,0.879,0.0202135779712548,0.846,0.0223718352935113,0.863,0.0213118795417016,0.898,0.018758336642677
2,66,0.937,0.0150590002855435,0.834,0.0230617967730183,0.881,0.0200686198429289,0.984,0.007777027092662,0.974,0.0098632995696166,0.925,0.0163251646239785,0.901,0.0185112635549278,0.975,0.0096767246524844,0.961,0.0119991385690807,0.884,0.019847746229736,0.867,0.021047060070233,0.898,0.018758336642677,0.874,0.0205682366380786,0.963,0.011699574761503,0.984,0.007777027092662,0.871,0.0207759075469641,0.855,0.0218234360264372,0.904,0.0182589543621752,0.973,0.0100460277523009,0.886,0.0196981462681136
2,85,0.966,0.0112326982688933,0.964,0.0115463797962824,0.849,0.0221920994590417,0.871,0.0207759075469641,0.928,0.0160212466930635,0.877,0.0203567490921315,0.899,0.0186765478180524,0.916,0.0171926749053194,0.891,0.0193155986290873,0.887,0.019622624941633,0.861,0.0214419879302269,0.849,0.0221920994590417,0.991,0.0058534801955759,0.962,0.0118504653748281,0.907,0.01800118889407,0.878,0.0202853845317262,0.884,0.019847746229736,0.895,0.0190003778909789,0.904,0.0182589543621752,0.965,0.0113907875056995
2,110,0.926,0.0162247279915565,0.986,0.0072821319955079,0.875,0.0204981706500848,0.894,0.0190799733333146,0.952,0.0132493680453069,0.859,0.0215705992128174,0.858,0.0216343517952352,0.949,0.0136356004048226,0.985,0.0075338993887627,0.868,0.0209798751569212,0.901,0.0185112635549278,0.841,0.02266483863609,0.981,0.0084618900016485,0.864,0.021246255350061,0.963,0.011699574761503,0.943,0.0143697544029116,0.942,0.0144875690714488,0.923,0.0165235091188282,0.973,0.0100460277523009,0.905,0.0181736501562014
2,142,0.957,0.0125732128590905,0.897,0.0188395664918277,0.94,0.0147195869507265,0.925,0.0163251646239785,0.865,0.0211802464574895,0.842,0.0226068816425441,0.839,0.0227798043538569,0.895,0.0190003778909789,0.929,0.01591816868864,0.884,0.019847746229736,0.886,0.0196981462681136,0.871,0.0207759075469641,0.918,0.0170053015733329,0.889,0.0194701116175537,0.823,0.023656071389814,0.91,0.017737729279702,0.885,0.0197731848724478,0.914,0.0173771437929252,0.882,0.0199954585243749,0.892,0.0192375772279151
2,184,0.884,0.019847746229736,0.849,0.0221920994590417,0.894,0.0190799733333146,0.971,0.0104007506652164,0.883,0.0199218356985494,0.839,0.0227798043538569,0.903,0.0183436524607287,0.911,0.017648600125789,0.946,0.0140087220830452,0.874,0.0205682366380786,0.968,0.0109085930165168,0.877,0.0203567490921315,0.882,0.0199954585243749,0.941,0.0146041703085112,0.866,0.0211138492558794,0.933,0.0154965240489601,0.924,0.0164247532218904,0.944,0.0142506962075542,0.853,0.021947712081217,0.833,0.0231172839581123
2,237,0.909,0.01782619730621,0.953,0.0131175114103247,0.857,0.0216977400113468,0.85,0.0221315159896469,0.947,0.0138857389288435,0.84,0.022722478738025,0.844,0.0224900071676289,0.848,0.0222523453505467,0.834,0.0230617967730183,0.945,0.0141303630526607,0.874,0.0205682366380786,0.864,0.021246255350061,0.927,0.0161234274768114,0.826,0.0234974491892205,0.814,0.0241170812164324,0.904,0.0182589543621752,0.865,0.0211802464574895,0.921,0.016718581710181,0.84,0.022722478738025,0.838,0.0228368178518812
2,307,0.83,0.0232819621166258,0.849,0.0221920994590417,0.812,0.0242165912052047,0.669,0.0291664201162912,0.829,0.0233362673621982,0.916,0.0171926749053194,0.812,0.0242165912052047,0.843,0.0225486053138547,0.866,0.0211138492558794,0.867,0.021047060070233,0.874,0.0205682366380786,0.799,0.024838621507644,0.822,0.0237083855544826,0.883,0.0199218356985494,0.883,0.0199218356985494,0.813,0.0241669669093992,0.863,0.0213118795417016,0.737,0.0272877476095041,0.85,0.0221315159896469,0.969,0.0107423378461115
2,396,0.727,0.0276124282452666,0.622,0.0300536457954771,0.887,0.019622624941633,0.672,0.0290989708684001,0.722,0.0277681577638848,0.627,0.029973969266682,0.828,0.0233902822898741,0.592,0.030461199871311,0.801,0.0247456500904704,0.766,0.0262408793755087,0.817,0.0239658393885964,0.739,0.0272206533058999,0.832,0.0231724724964773,0.591,0.0304727371661949,0.793,0.0251117996487706,0.894,0.0190799733333146,0.742,0.0271186381958976,0.799,0.024838621507644,0.629,0.0299411411672968,0.846,0.0223718352935113
2,512,0.786,0.0254199230211265,0.757,0.0265831932167676,0.783,0.025548583083999,0.741,0.0271528273003015,0.623,0.0300379831812989,0.607,0.0302723887660025,0.934,0.0153886838423563,0.655,0.029463631140781,0.673,0.02907618877363,0.782,0.0255910258020267,0.731,0.027484693602076,0.778,0.025758606049241,0.59,0.0304841440752401,0.623,0.0300379831812989,0.783,0.025548583083999,0.766,0.0262408793755087,0.634,0.0298566614074648,0.709,0.0281530650267426,0.64,0.0297507082268641,0.814,0.0241170812164324
3,4,0.524,0.0309545996323648,0.526,0.0309483937935395,0.459,0.0308859558764173,0.535,0.0309143015447543,0.47,0.0309344881968329,0.527,0.0309451041943632,0.483,0.0309724034843923,0.461,0.0308959046865438,0.371,0.0299411411672968,0.547,0.030853102041772,0.558,0.0307811120266958,0.542,0.0308807936685571,0.54,0.0308909928619978,0.534,0.0309185884283225,0.495,0.0309887715148567,0.48,0.0309655188879501,0.54,0.0308909928619978,0.518,0.0309702328308974,0.536,0.0309098897830451,0.373,0.029973969266682
3,5,0.594,0.0304377335292889,0.651,0.0295433186761406,0.535,0.0309143015447543,0.558,0.0307811120266958,0.481,0.0309679379746214,0.587,0.0305175839410658,0.594,0.0304377335292889,0.49,0.0309841223855057,0.663,0.0292973126685708,0.514,0.0309781704818086,0.532,0.0309267877672415,0.526,0.0309483937935395,0.529,0.0309381514379899,0.598,0.0303892295657524,0.517,0.0309724034843923,0.505,0.0309887715148567,0.424,0.0306302288336212,0.48,0.0309655188879501,0.52,0.0309655188879501,0.594,0.0304377335292889
3,6,0.482,0.0309702328308974,0.628,0.029957623831005,0.539,0.0308959046865438,0.587,0.0305175839410658,0.586,0.0305284707510874,0.536,0.0309098897830451,0.558,0.0307811120266958,0.515,0.0309763722859859,0.575,0.0306396964736924,0.517,0.0309724034843923,0.501,0.03099025908894,0.674,0.0290532565885478,0.521,0.030962975541766,0.457,0.0308755061756078,0.611,0.030217009223283,0.474,0.0309483937935395,0.545,0.0308645550753611,0.53,0.0309344881968329,0.501,0.03099025908894,0.427,0.0306582470731775
3,8,0.726,0.0276439222687374,0.699,0.0284300685612961,0.6,0.0303641894342661,0.766,0.0262408793755087,0.758,0.0265459552022525,0.537,0.0309053530897157,0.542,0.0308807936685571,0.402,0.0303892295657524,0.551,0.0308286879123974,0.581,0.030580962417818,0.553,0.0308157256218314,0.794,0.0250668598432272,0.591,0.0304727371661949,0.603,0.030325640398844,0.465,0.0309143015447543,0.576,0.0306302288336212,0.693,0.0285885333936527,0.551,0.0308286879123974,0.544,0.0308700933331922,0.554,0.0308090553961006
3,11,0.63,0.0299245210487987,0.638,0.0297865837181775,0.596,0.0304137438405731,0.745,0.0270149580788125,0.925,0.0163251646239785,0.576,0.0306302288336212,0.756,0.0266202348299183,0.648,0.0296015809307543,0.741,0.0271528273003015,0.756,0.0266202348299183,0.819,0.0238636741177883,0.642,0.029714272287909,0.745,0.0270149580788125,0.63,0.0299245210487987,0.894,0.0190799733333146,0.59,0.0304841440752401,0.573,0.0306582470731775,0.846,0.0223718352935113,0.743,0.0270842640955961,0.559,0.0307738101378428
3,14,0.862,0.021377122575314,0.749,0.0268740945596312,0.667,0.0292106421976648,0.86,0.0215064790237732,0.578,0.0306109082779325,0.834,0.0230617967730183,0.724,0.0277063869604104,0.796,0.0249762762316563,0.646,0.0296397107678195,0.945,0.0141303630526607,0.887,0.019622624941633,0.681,0.0288884984448828,0.758,0.0265459552022525,0.814,0.0241170812164324,0.524,0.0309545996323648,0.841,0.02266483863609,0.621,0.0300691724927707,0.866,0.0211138492558794,0.97,0.0105731055040607,0.834,0.0230617967730183
3,18,0.873,0.0206378786119116,0.938,0.0149469759349508,0.819,0.0238636741177883,0.879,0.0202135779712548,0.844,0.0224900071676289,0.839,0.0227798043538569,0.837,0.0228935215639708,0.894,0.0190799733333146,0.813,0.0241669669093992,0.98,0.008677289899502,0.906,0.0180877312673535,0.874,0.0205682366380786,0.846,0.0223718352935113,0.913,0.0174683178812385,0.84,0.022722478738025,0.893,0.019159037595871,0.922,0.0166214471572122,0.968,0.0109085930165168,0.854,0.0218857500305564,0.776,0.0258410966949934
3,23,0.842,0.0226068816425441,0.83,0.0232819621166258,0.913,0.0174683178812385,0.852,0.0220093251509445,0.865,0.0211802464574895,0.881,0.0200686198429289,0.941,0.0146041703085112,0.856,0.0217607670453042,0.957,0.0125732128590905,0.895,0.0190003778909789,0.933,0.0154965240489601,0.844,0.0224900071676289,0.782,0.0255910258020267,0.853,0.021947712081217,0.812,0.0242165912052047,0.847,0.0223122563986702,0.891,0.0193155986290873,0.835,0.0230060087803165,0.845,0.0224310846817535,0.845,0.0224310846817535
3,30,0.645,0.0296585630130658,0.633,0.0298738336609146,0.748,0.0269095937093074,0.909,0.01782619730621,0.819,0.0238636741177883,0.842,0.0226068816425441,0.928,0.0160212466930635,0.762,0.0263950224398464,0.705,0.0282658231792389,0.805,0.0245567742181256,0.842,0.0226068816425441,0.74,0.0271868321067387,0.628,0.029957623831005,0.923,0.0165235091188282,0.901,0.0185112635549278,0.753,0.0267301894044916,0.54,0.0308909928619978,0.853,0.021947712081217,0.732,0.0274523172355267,0.783,0.025548583083999
3,39,0.798,0.0248847453995414,0.878,0.0202853845317262,0.72,0.0278292392997005,0.779,0.0257170374343546,0.602,0.0303386221440592,0.899,0.0186765478180524,0.757,0.0265831932167676,0.729,0.0275489138515477,0.773,0.0259632315708195,0.764,0.0263183556933179,0.627,0.029973969266682,0.83,0.0232819621166258,0.663,0.0292973126685708,0.65,0.0295628821328367,0.796,0.0249762762316563,0.622,0.0300536457954771,0.765,0.0262797191765817,0.738,0.0272542915813271,0.655,0.029463631140781,0.873,0.0206378786119116
3,51,0.781,0.0256332483778392,0.576,0.0306302288336212,0.704,0.0282936030650039,0.612,0.0302028304898729,0.594,0.0304377335292889,0.708,0.028181501336869,0.572,0.0306673302652839,0.714,0.0280083931420565,0.583,0.0305603536890527,0.654,0.029483768660061,0.655,0.029463631140781,0.626,0.0299901776987066,0.71,0.0281244633726583,0.617,0.0301299242879898,0.685,0.0287909923413556,0.678,0.0289600197789987,0.674,0.0290532565885478,0.665,0.029254272166642,0.639,0.0297687159010932,0.625,0.0300062493490939
3,66,0.759,0.0265085199586849,0.76,0.0264708866492983,0.696,0.0285100174394895,0.737,0.0272877476095041,0.634,0.0298566614074648,0.687,0.0287413132894097,0.688,0.0287162408681916,0.676,0.0290069405211925,0.693,0.0285885333936527,0.675,0.0290301739574533,0.743,0.0270842640955961,0.67,0.0291440861925708,0.776,0.0258410966949934,0.661,0.0293397662976377,0.71,0.0281244633726583,0.729,0.0275489138515477,0.735,0.027354115595281,0.766,0.0262408793755087,0.682,0.0288643524368727,0.739,0.0272206533058999
3,85,0.517,0.0309724034843923,0.686,0.0287662303126426,0.599,0.0303767753127286,0.811,0.0242659557075339,0.73,0.0275168922663879,0.57,0.0306851130028878,0.729,0.0275489138515477,0.784,0.0255059191247835,0.653,0.0295037622278922,0.659,0.0293816355977675,0.555,0.0308022590080662,0.719,0.0278595230109921,0.657,0.0294229230634891,0.727,0.0276124282452666,0.761,0.0264330544281208,0.691,0.0286400871227725,0.678,0.0289600197789987,0.672,0.0290989708684001,0.658,0.0294023519059275,0.755,0.0266570808604393
3,110,0.661,0.0293397662976377,0.74,0.0271868321067387,0.656,0.029443349374689,0.584,0.0305498554890199,0.674,0.0290532565885478,0.639,0.0297687159010932,0.63,0.0299245210487987,0.594,0.0304377335292889,0.702,0.0283486746356862,0.546,0.0308588913345894,0.696,0.0285100174394895,0.617,0.0301299242879898,0.61,0.0302310542323617,0.77,0.0260834690944283,0.679,0.0289363317371086,0.578,0.0306109082779325,0.692,0.0286143889957482,0.733,0.0274197625372649,0.703,0.0283212200584649,0.692,0.0286143889957482
3,142,0.499,0.03099025908894,0.523,0.0309575159468585,0.64,0.0297507082268641,0.641,0.0297325604413747,0.592,0.030461199871311,0.601,0.0303514717666211,0.671,0.0291216032250973,0.674,0.0290532565885478,0.625,0.0300062493490939,0.554,0.0308090553961006,0.694,0.0285625198888333,0.595,0.0304258041800048,0.614,0.0301740710942358,0.708,0.028181501336869,0.527,0.0309451041943632,0.576,0.0306302288336212,0.682,0.0288643524368727,0.723,0.0277373588072116,0.628,0.029957623831005,0.659,0.0293816355977675
3,184,0.693,0.0285885333936527,0.765,0.0262797191765817,0.569,0.0306938127706546,0.544,0.0308700933331922,0.603,0.030325640398844,0.636,0.0298219007844905,0.576,0.0306302288336212,0.562,0.0307511445250416,0.53,0.0309344881968329,0.597,0.0304015523551018,0.538,0.0309006914097403,0.699,0.0284300685612961,0.519,0.0309679379746214,0.481,0.0309679379746214,0.614,0.0301740710942358,0.49,0.0309841223855057,0.627,0.029973969266682,0.544,0.0308700933331922,0.7,0.028403098422531,0.729,0.0275489138515477
3,237,0.583,0.0305603536890527,0.518,0.0309702328308974,0.632,0.029890867528394,0.556,0.0307953363741979,0.501,0.03099025908894,0.483,0.0309724034843923,0.512,0.0309813945715811,0.584,0.0305498554890199,0.545,0.0308645550753611,0.608,0.0302587438205884,0.56,0.0307663816527065,0.513,0.0309798445703008,0.613,0.03018851784371,0.6,0.0303641894342661,0.664,0.0292758659376627,0.515,0.0309763722859859,0.47,0.0309344881968329,0.488,0.0309813945715811,0.555,0.0308022590080662,0.491,0.0309853002309159
3,307,0.485,0.0309763722859859,0.478,0.0309603079054456,0.514,0.0309781704818086,0.533,0.030922750485686,0.482,0.0309702328308974,0.444,0.0307953363741979,0.526,0.0309483937935395,0.543,0.0308755061756078,0.611,0.030217009223283,0.482,0.0309702328308974,0.532,0.0309267877672415,0.487,0.0309798445703008,0.464,0.0309098897830451,0.479,0.030962975541766,0.451,0.030841146515653,0.478,0.0309603079054456,0.472,0.0309416900895862,0.376,0.0300221844375122,0.496,0.0309893293635083,0.629,0.0299411411672968
3,396,0.54,0.0308909928619978,0.547,0.030853102041772,0.509,0.0309853002309159,0.519,0.0309679379746214,0.611,0.030217009223283,0.493,0.0309872838693551,0.438,0.0307511445250416,0.449,0.0308286879123974,0.521,0.030962975541766,0.454,0.0308588913345894,0.56,0.0307663816527065,0.53,0.0309344881968329,0.506,0.0309880896862004,0.437,0.0307433356940979,0.559,0.0307738101378428,0.519,0.0309679379746214,0.459,0.0308859558764173,0.524,0.0309545996323648,0.399,0.0303514717666211,0.523,0.0309575159468585
3,512,0.521,0.030962975541766,0.522,0.0309603079054456,0.537,0.0309053530897157,0.434,0.0307191469673231,0.435,0.0307273370144566,0.439,0.0307588264795651,0.449,0.0308286879123974,0.542,0.0308807936685571,0.523,0.0309575159468585,0.465,0.0309143015447543,0.514,0.0309781704818086,0.509,0.0309853002309159,0.575,0.0306396964736924,0.566,0.0307191469673231,0.508,0.0309863540546479,0.538,0.0309006914097403,0.491,0.0309853002309159,0.462,0.0309006914097403,0.544,0.0308700933331922,0.493,0.0309872838693551
4,4,0.369,0.0299077632463546,0.447,0.0308157256218314,0.509,0.0309853002309159,0.268,0.0274523172355267,0.396,0.0303125263612256,0.43,0.0306851130028878,0.444,0.0307953363741979,0.321,0.0289363317371086,0.304,0.0285100174394895,0.445,0.0308022590080662,0.34,0.029360773831764,0.442,0.0307811120266958,0.485,0.0309763722859859,0.443,0.0307882874093379,0.463,0.0309053530897157,0.445,0.0308022590080662,0.451,0.030841146515653,0.446,0.0308090553961006,0.408,0.030461199871311,0.373,0.029973969266682
4,5,0.491,0.0309853002309159,0.321,0.0289363317371086,0.433,0.0307108296468851,0.445,0.0308022590080662,0.332,0.029188605338385,0.315,0.0287909923413556,0.421,0.0306010551190641,0.324,0.0290069405211925,0.446,0.0308090553961006,0.499,0.030990259088946,0.465,0.0309143015447543,0.41,0.0304841440752401,0.429,0.0306762855378548,0.321,0.0289363317371086,0.368,0.029890867528394,0.465,0.0309143015447543,0.399,0.0303514717666211,0.489,0.030982820504273,0.345,0.029463631140781,0.451,0.0308411465156534
4,6,0.349,0.0295433186761406,0.377,0.0300379831812989,0.365,0.0298393505291251,0.459,0.0308859558764173,0.413,0.0305175839410658,0.353,0.02962071683129,0.376,0.0300221844375122,0.383,0.0301299242879898,0.455,0.0308645550753611,0.351,0.0295823027906888,0.494,0.0309880896862004,0.343,0.0294229230634891,0.475,0.0309515589268133,0.346,0.029483768660061,0.43,0.0306851130028878,0.466,0.0309185884283225,0.458,0.0308807936685571,0.384,0.0301447745123429,0.389,0.030217009223283,0.345,0.029463631140781
4,8,0.451,0.030841146515653,0.448,0.0308222697671667,0.468,0.0309267877672415,0.393,0.0302723887660025,0.568,0.030702384949707,0.401,0.0303767753127286,0.425,0.0306396964736924,0.371,0.0299411411672968,0.454,0.0308588913345894,0.487,0.0309798445703008,0.347,0.0295037622278922,0.341,0.0293816355977675,0.464,0.0309098897830451,0.482,0.0309702328308974,0.445,0.0308022590080662,0.483,0.0309724034843923,0.511,0.030982820504273,0.647,0.02962071683129,0.455,0.0308645550753611,0.312,0.0287162408681916
4,11,0.786,0.0254199230211265,0.541,0.0308859558764173,0.606,0.0302859007196418,0.497,0.0309897632388503,0.804,0.0246043633203543,0.513,0.0309798445703008,0.494,0.0309880896862004,0.448,0.0308222697671667,0.547,0.030853102041772,0.554,0.0308090553961006,0.644,0.0296772738370625,0.695,0.0285363480494614,0.522,0.0309603079054456,0.893,0.019159037595871,0.459,0.0308859558764173,0.523,0.0309575159468585,0.625,0.0300062493490939,0.516,0.030974449961218,0.459,0.0308859558764173,0.495,0.0309887715148567
4,14,0.677,0.0289835559171058,0.859,0.0215705992128174,0.395,0.030299279859429,0.928,0.0160212466930635,0.568,0.030702384949707,0.694,0.0285625198888333,0.582,0.0305707226214886,0.633,0.0298738336609146,0.695,0.0285363480494614,0.704,0.0282936030650039,0.58,0.0305910732077186,0.632,0.029890867528394,0.611,0.030217009223283,0.706,0.0282378799204189,0.705,0.0282658231792389,0.824,0.0236034785233024,0.776,0.0258410966949934,0.665,0.029254272166642,0.798,0.0248847453995414,0.515,0.0309763722859859
4,18,0.805,0.0245567742181256,0.932,0.0156033727636046,0.922,0.0166214471572122,0.976,0.0094860760275258,0.891,0.0193155986290873,0.938,0.0149469759349508,0.871,0.0207759075469641,0.875,0.0204981706500848,0.85,0.0221315159896469,0.965,0.0113907875056995,0.613,0.03018851784371,0.903,0.0183436524607287,0.904,0.0182589543621752,0.847,0.0223122563986702,0.831,0.0232273645168796,0.895,0.0190003778909789,0.477,0.0309575159468585,0.925,0.0163251646239785,0.792,0.0251565064665187,0.894,0.0190799733333146
4,23,0.841,0.02266483863609,0.487,0.0309798445703008,0.86,0.0215064790237732,0.907,0.01800118889407,0.834,0.0230617967730183,0.868,0.0209798751569212,0.858,0.0216343517952352,0.876,0.0204276762848837,0.866,0.0211138492558794,0.77,0.0260834690944283,0.847,0.0223122563986702,0.881,0.0200686198429289,0.845,0.0224310846817535,0.827,0.0234440089063282,0.919,0.0169104956284551,0.917,0.0170993572276854,0.844,0.0224900071676289,0.886,0.0196981462681136,0.943,0.0143697544029116,0.977,0.0092911029269941
4,30,0.876,0.0204276762848837,0.896,0.0189202445650155,0.945,0.0141303630526607,0.495,0.0309887715148567,0.917,0.0170993572276854,0.862,0.021377122575314,0.419,0.030580962417818,0.697,0.0284835276186079,0.803,0.024651704719958,0.826,0.0234974491892205,0.955,0.0128488427494463,0.883,0.0199218356985494,0.865,0.0211802464574895,0.849,0.0221920994590417,0.642,0.029714272287909,0.933,0.0154965240489601,0.815,0.0240669325008402,0.833,0.0231172839581123,0.866,0.0211138492558794,0.873,0.0206378786119116
4,39,0.644,0.0296772738370625,0.488,0.0309813945715811,0.751,0.0268025252243142,0.535,0.0309143015447543,0.548,0.0308471871262194,0.627,0.029973969266682,0.846,0.0223718352935113,0.818,0.0239148916284393,0.52,0.0309655188879501,0.593,0.0304495320423812,0.837,0.0228935215639708,0.503,0.0309897632388503,0.858,0.0216343517952352,0.748,0.0269095937093074,0.473,0.0309451041943632,0.602,0.0303386221440592,0.686,0.0287662303126426,0.835,0.0230060087803165,0.714,0.0280083931420565,0.675,0.0290301739574533
4,51,0.772,0.0260035202539963,0.598,0.0303892295657524,0.791,0.02520098153644,0.531,0.0309307003218485,0.473,0.0309451041943632,0.588,0.0305065673191855,0.77,0.0260834690944283,0.592,0.030461199871311,0.681,0.0288884984448828,0.705,0.0282658231792389,0.457,0.0308755061756078,0.564,0.030735399890029,0.763,0.026356789819703,0.554,0.0308090553961006,0.704,0.0282936030650039,0.55,0.0308349801362024,0.524,0.0309545996323648,0.458,0.0308807936685571,0.587,0.0305175839410658,0.657,0.0294229230634891
4,66,0.412,0.0305065673191855,0.453,0.030853102041772,0.512,0.0309813945715811,0.6,0.0303641894342661,0.502,0.0309900731460898,0.353,0.02962071683129,0.704,0.0282936030650039,0.783,0.025548583083999,0.575,0.0306396964736924,0.602,0.0303386221440592,0.574,0.0306490358478044,0.472,0.0309416900895862,0.741,0.0271528273003015,0.52,0.0309655188879501,0.629,0.0299411411672968,0.59,0.0304841440752401,0.585,0.0305392278880786,0.527,0.0309451041943632,0.634,0.0298566614074648,0.453,0.030853102041772
4,85,0.575,0.0306396964736924,0.593,0.0304495320423812,0.597,0.0304015523551018,0.617,0.0301299242879898,0.406,0.0304377335292889,0.305,0.0285363480494614,0.596,0.0304137438405731,0.644,0.0296772738370625,0.605,0.030299279859429,0.459,0.0308859558764173,0.602,0.0303386221440592,0.63,0.0299245210487987,0.383,0.0301299242879898,0.465,0.0309143015447543,0.699,0.0284300685612961,0.634,0.0298566614074648,0.613,0.03018851784371,0.424,0.0306302288336212,0.612,0.0302028304898729,0.534,0.0309185884283225
4,110,0.525,0.0309515589268133,0.48,0.0309655188879501,0.558,0.0307811120266958,0.401,0.0303767753127286,0.343,0.0294229230634891,0.522,0.0309603079054456,0.531,0.0309307003218485,0.412,0.0305065673191855,0.417,0.0305603536890527,0.414,0.0305284707510874,0.49,0.0309841223855057,0.345,0.029463631140781,0.392,0.0302587438205884,0.621,0.0300691724927707,0.528,0.0309416900895862,0.407,0.0304495320423812,0.389,0.030217009223283,0.389,0.030217009223283,0.365,0.0298393505291251,0.399,0.0303514717666211
4,142,0.379,0.0300691724927707,0.351,0.0295823027906888,0.435,0.0307273370144566,0.383,0.0301299242879898,0.405,0.0304258041800048,0.522,0.0309603079054456,0.39,0.0302310542323617,0.358,0.029714272287909,0.412,0.0305065673191855,0.396,0.0303125263612256,0.406,0.0304377335292889,0.361,0.0297687159010932,0.338,0.0293186126820489,0.372,0.029957623831005,0.369,0.0299077632463546,0.43,0.0306851130028878,0.431,0.0306938127706546,0.403,0.0304015523551018,0.365,0.0298393505291251,0.397,0.030325640398844
4,184,0.386,0.0301740710942358,0.374,0.0299901776987066,0.421,0.0306010551190641,0.65,0.0295628821328367,0.36,0.0297507082268641,0.361,0.0297687159010932,0.37,0.0299245210487987,0.395,0.030299279859429,0.357,0.0296958435071307,0.339,0.0293397662976377,0.417,0.0305603536890527,0.37,0.0299245210487987,0.362,0.0297865837181775,0.414,0.0305284707510874,0.364,0.0298219007844905,0.388,0.0302028304898729,0.388,0.0302028304898729,0.418,0.0305707226214886,0.398,0.0303386221440592,0.355,0.0296585630130658
4,237,0.348,0.0295236121367287,0.441,0.0307738101378428,0.35,0.0295628821328367,0.436,0.030735399890029,0.367,0.0298738336609146,0.36,0.0297507082268641,0.363,0.029804311929652,0.425,0.0306396964736924,0.405,0.0304258041800048,0.364,0.0298219007844905,0.396,0.0303125263612256,0.416,0.0305498554890199,0.378,0.0300536457954771,0.474,0.0309483937935395,0.395,0.030299279859429,0.383,0.0301299242879898,0.345,0.029463631140781,0.39,0.0302310542323617,0.345,0.029463631140781,0.36,0.0297507082268641
4,307,0.396,0.0303125263612256,0.451,0.030841146515653,0.377,0.0300379831812989,0.365,0.0298393505291251,0.378,0.0300536457954771,0.364,0.0298219007844905,0.412,0.0305065673191855,0.416,0.0305498554890199,0.399,0.0303514717666211,0.361,0.0297687159010932,0.338,0.0293186126820489,0.445,0.0308022590080662,0.351,0.0295823027906888,0.387,0.03018851784371,0.378,0.0300536457954771,0.48,0.0309655188879501,0.387,0.03018851784371,0.394,0.0302859007196418,0.424,0.0306302288336212,0.417,0.0305603536890527
4,396,0.383,0.0301299242879898,0.426,0.0306490358478044,0.406,0.0304377335292889,0.426,0.0306490358478044,0.412,0.0305065673191855,0.356,0.0296772738370625,0.441,0.0307738101378428,0.422,0.0306109082779325,0.441,0.0307738101378428,0.425,0.0306396964736924,0.43,0.0306851130028878,0.4,0.0303641894342661,0.463,0.0309053530897157,0.392,0.0302587438205884,0.438,0.0307511445250416,0.401,0.0303767753127286,0.38,0.0300845634836206,0.426,0.0306490358478044,0.382,0.030114939176428,0.368,0.029890867528394
4,512,0.435,0.0307273370144566,0.436,0.030735399890029,0.405,0.0304258041800048,0.432,0.030702384949707,0.416,0.0305498554890199,0.382,0.030114939176428,0.432,0.030702384949707,0.403,0.0304015523551018,0.391,0.0302449657034026,0.344,0.029443349374689,0.475,0.0309515589268133,0.438,0.0307511445250416,0.45,0.0308349801362024,0.359,0.0297325604413747,0.453,0.030853102041772,0.462,0.0309006914097403,0.468,0.0309267877672415,0.421,0.0306010551190641,0.444,0.0307953363741979,0.451,0.0308411465156534
5,4,0.277,0.0277373588072116,0.328,0.0290989708684001,0.377,0.0300379831812989,0.333,0.0292106421976648,0.341,0.0293816355977675,0.263,0.0272877476095041,0.363,0.029804311929652,0.33,0.0291440861925708,0.339,0.0293397662976377,0.339,0.0293397662976377,0.282,0.0278896360965861,0.366,0.0298566614074648,0.295,0.0282658231792389,0.314,0.0287662303126426,0.3,0.028403098422531,0.3,0.028403098422531,0.37,0.0299245210487987,0.374,0.0299901776987066,0.366,0.0298566614074648,0.438,0.0307511445250416
5,5,0.358,0.029714272287909,0.283,0.027919579108575,0.306,0.0285625198888333,0.361,0.0297687159010932,0.237,0.026356789819703,0.287,0.0280376612719392,0.193,0.0244608471153392,0.297,0.0283212200584649,0.228,0.0260035202539963,0.268,0.0274523172355267,0.344,0.029443349374689,0.238,0.0263950224398464,0.367,0.0298738336609146,0.356,0.0296772738370625,0.337,0.0292973126685708,0.373,0.029973969266682,0.183,0.0239658393885964,0.291,0.0281530650267426,0.289,0.0280956958696523,0.273,0.0276124282452666
5,6,0.281,0.0278595230109921,0.286,0.0280083931420565,0.333,0.0292106421976648,0.233,0.0262018353860946,0.202,0.0248847453995414,0.389,0.030217009223283,0.368,0.029890867528394,0.347,0.0295037622278922,0.333,0.0292106421976648,0.321,0.0289363317371086,0.37,0.0299245210487987,0.337,0.0292973126685708,0.259,0.0271528273003015,0.26,0.0271868321067387,0.351,0.0295823027906888,0.305,0.0285363480494614,0.321,0.0289363317371086,0.294,0.0282378799204189,0.369,0.0299077632463546,0.218,0.0255910258020267
5,8,0.463,0.0309053530897157,0.353,0.02962071683129,0.322,0.0289600197789987,0.322,0.0289600197789987,0.378,0.0300536457954771,0.351,0.0295823027906888,0.4,0.0303641894342661,0.317,0.02884005300966,0.327,0.029076188773634,0.459,0.0308859558764173,0.276,0.0277063869604104,0.362,0.0297865837181775,0.362,0.0297865837181775,0.287,0.0280376612719392,0.358,0.029714272287909,0.276,0.0277063869604104,0.263,0.0272877476095041,0.455,0.0308645550753611,0.236,0.0263183556933179,0.294,0.0282378799204189
5,11,0.428,0.0306673302652839,0.394,0.0302859007196418,0.569,0.0306938127706546,0.404,0.0304137438405731,0.588,0.0305065673191855,0.423,0.0306206328086145,0.388,0.0302028304898729,0.412,0.0305065673191855,0.511,0.030982820504273,0.394,0.0302859007196418,0.396,0.0303125263612256,0.478,0.0309603079054456,0.418,0.0305707226214886,0.383,0.0301299242879898,0.575,0.0306396964736924,0.379,0.0300691724927707,0.393,0.0302723887660025,0.35,0.0295628821328367,0.433,0.0307108296468851,0.625,0.0300062493490939
5,14,0.859,0.0215705992128174,0.428,0.0306673302652839,0.301,0.0284300685612961,0.373,0.029973969266682,0.599,0.0303767753127286,0.588,0.0305065673191855,0.742,0.0271186381958976,0.745,0.0270149580788125,0.574,0.0306490358478044,0.506,0.0309880896862004,0.402,0.0303892295657524,0.877,0.0203567490921315,0.767,0.0262018353860946,0.528,0.0309416900895862,0.648,0.0296015809307543,0.474,0.0309483937935395,0.53,0.0309344881968329,0.524,0.0309545996323648,0.286,0.0280083931420565,0.52,0.0309655188879501
5,18,0.815,0.0240669325008402,0.606,0.0302859007196418,0.91,0.017737729279702,0.726,0.0276439222687374,0.497,0.0309897632388503,0.817,0.0239658393885964,0.662,0.0293186126820489,0.529,0.0309381514379899,0.816,0.0240165191149758,0.683,0.02884005300966,0.576,0.0306302288336212,0.544,0.0308700933331922,0.837,0.0228935215639708,0.995,0.0043717227725463,0.917,0.0170993572276854,0.873,0.0206378786119116,0.331,0.0291664201162912,0.837,0.0228935215639708,0.382,0.030114939176428,0.674,0.0290532565885478
5,23,0.915,0.0172852665585463,0.825,0.0235506050877679,0.787,0.025376588612341,0.529,0.0309381514379899,0.859,0.0215705992128174,0.372,0.029957623831005,0.805,0.0245567742181256,0.961,0.0119991385690807,0.337,0.0292973126685708,0.996,0.0039121521442806,0.747,0.0269449035181052,0.58,0.0305910732077186,0.798,0.0248847453995414,0.901,0.0185112635549278,0.743,0.0270842640955961,0.86,0.0215064790237732,0.987,0.0070207955104817,0.949,0.0136356004048226,0.862,0.021377122575314,0.795,0.0250216857945263
5,30,0.535,0.0309143015447543,0.933,0.0154965240489601,0.364,0.0298219007844905,0.904,0.0182589543621752,0.822,0.0237083855544826,0.667,0.0292106421976648,0.322,0.0289600197789987,0.342,0.0294023519059275,0.895,0.0190003778909789,0.424,0.0306302288336212,0.805,0.0245567742181256,0.402,0.0303892295657524,0.934,0.0153886838423563,0.891,0.0193155986290873,0.84,0.022722478738025,0.781,0.0256332483778392,0.908,0.0179140140002178,0.619,0.0300998189761998,0.455,0.0308645550753611,0.846,0.0223718352935113
5,39,0.322,0.0289600197789987,0.759,0.0265085199586849,0.754,0.026693732118233,0.324,0.0290069405211925,0.681,0.0288884984448828,0.416,0.0305498554890199,0.291,0.0281530650267426,0.584,0.0305498554890199,0.394,0.0302859007196418,0.856,0.0217607670453042,0.855,0.0218234360264372,0.324,0.0290069405211925,0.426,0.0306490358478044,0.752,0.0267664535118121,0.545,0.0308645550753611,0.485,0.0309763722859859,0.369,0.0299077632463546,0.632,0.029890867528394,0.379,0.0300691724927707,0.41,0.0304841440752401
5,51,0.334,0.0292325310296594,0.336,0.0292758659376627,0.508,0.0309863540546479,0.309,0.0286400871227725,0.331,0.0291664201162912,0.619,0.0300998189761998,0.294,0.0282378799204189,0.382,0.030114939176428,0.254,0.0269800247294178,0.312,0.0287162408681916,0.454,0.0308588913345894,0.471,0.0309381514379899,0.39,0.0302310542323617,0.33,0.0291440861925708,0.338,0.0293186126820489,0.324,0.0290069405211925,0.398,0.0303386221440592,0.28,0.0278292392997005,0.539,0.0308959046865438,0.33,0.0291440861925708
5,66,0.305,0.0285363480494614,0.349,0.0295433186761406,0.277,0.0277373588072116,0.281,0.0278595230109921,0.279,0.0277987844050778,0.507,0.0309872838693551,0.739,0.0272206533058999,0.344,0.029443349374689,0.298,0.0283486746356862,0.577,0.0306206328086145,0.286,0.0280083931420565,0.317,0.02884005300966,0.505,0.0309887715148567,0.401,0.0303767753127286,0.377,0.0300379831812989,0.315,0.0287909923413556,0.628,0.029957623831005,0.729,0.0275489138515477,0.401,0.0303767753127286,0.52,0.0309655188879501
5,85,0.311,0.0286910126415921,0.266,0.0273870288713471,0.38,0.0300845634836206,0.528,0.0309416900895862,0.283,0.027919579108575,0.303,0.0284835276186079,0.475,0.0309515589268133,0.332,0.029188605338385,0.349,0.0295433186761406,0.329,0.0291216032250973,0.29,0.0281244633726583,0.272,0.0275807589743284,0.301,0.0284300685612961,0.381,0.0300998189761998,0.419,0.030580962417818,0.384,0.0301447745123429,0.243,0.0265831932167676,0.361,0.0297687159010932,0.334,0.0292325310296594,0.3,0.0284030984225313
5,110,0.234,0.0262408793755087,0.323,0.0289835559171058,0.243,0.0265831932167676,0.621,0.0300691724927707,0.285,0.0279789570927867,0.535,0.0309143015447543,0.334,0.0292325310296594,0.206,0.0250668598432272,0.44,0.0307663816527065,0.351,0.0295823027906888,0.379,0.0300691724927707,0.277,0.0277373588072116,0.265,0.027354115595281,0.298,0.0283486746356862,0.248,0.0267664535118121,0.27,0.0275168922663879,0.257,0.0270842640955961,0.255,0.0270149580788125,0.254,0.0269800247294178,0.32,0.0289124914180704
5,142,0.296,0.0282936030650039,0.299,0.028375967268095,0.229,0.0260435991061143,0.266,0.0273870288713471,0.304,0.0285100174394895,0.271,0.0275489138515477,0.264,0.0273210220599449,0.252,0.0269095937093074,0.273,0.0276124282452666,0.274,0.0276439222687374,0.235,0.0262797191765817,0.29,0.0281244633726583,0.261,0.0272206533058999,0.266,0.0273870288713471,0.386,0.0301740710942358,0.237,0.026356789819703,0.269,0.027484693602076,0.234,0.0262408793755087,0.24,0.0264708866492983,0.276,0.0277063869604104
5,184,0.269,0.027484693602076,0.341,0.0293816355977675,0.283,0.027919579108575,0.23,0.0260834690944283,0.308,0.0286143889957482,0.299,0.028375967268095,0.269,0.027484693602076,0.294,0.0282378799204189,0.314,0.0287662303126426,0.292,0.0281815013368699,0.257,0.0270842640955961,0.266,0.0273870288713471,0.278,0.0277681577638848,0.216,0.0255059191247835,0.298,0.0283486746356862,0.341,0.0293816355977675,0.275,0.0276752416430281,0.232,0.026162586294172,0.31,0.0286656281982446,0.242,0.0265459552022525
5,237,0.298,0.0283486746356862,0.265,0.027354115595281,0.25,0.0268384053177531,0.335,0.0292542721666426,0.317,0.02884005300966,0.277,0.0277373588072116,0.37,0.0299245210487987,0.338,0.0293186126820489,0.248,0.0267664535118121,0.265,0.027354115595281,0.316,0.0288155997751218,0.241,0.0265085199586849,0.313,0.0287413132894097,0.347,0.0295037622278922,0.252,0.0269095937093074,0.261,0.0272206533058999,0.275,0.0276752416430281,0.28,0.0278292392997005,0.307,0.0285885333936527,0.287,0.0280376612719392
5,307,0.26,0.0271868321067387,0.258,0.0271186381958976,0.242,0.0265459552022525,0.32,0.0289124914180704,0.306,0.0285625198888333,0.326,0.0290532565885478,0.288,0.0280667620077557,0.233,0.0262018353860946,0.336,0.0292758659376627,0.255,0.0270149580788125,0.324,0.0290069405211925,0.408,0.030461199871311,0.237,0.026356789819703,0.268,0.0274523172355267,0.264,0.0273210220599449,0.258,0.0271186381958976,0.332,0.029188605338385,0.364,0.0298219007844905,0.256,0.0270497042941323,0.329,0.0291216032250973
5,396,0.407,0.0304495320423812,0.283,0.027919579108575,0.349,0.0295433186761406,0.361,0.0297687159010932,0.349,0.0295433186761406,0.328,0.0290989708684001,0.283,0.027919579108575,0.253,0.0269449035181052,0.358,0.029714272287909,0.376,0.0300221844375122,0.309,0.0286400871227725,0.363,0.029804311929652,0.351,0.0295823027906888,0.34,0.029360773831764,0.209,0.02520098153644,0.275,0.0276752416430281,0.329,0.0291216032250973,0.304,0.0285100174394895,0.372,0.029957623831005,0.268,0.0274523172355267
5,512,0.374,0.0299901776987066,0.354,0.0296397107678195,0.333,0.0292106421976648,0.369,0.0299077632463546,0.342,0.0294023519059275,0.365,0.0298393505291251,0.236,0.0263183556933179,0.36,0.0297507082268641,0.326,0.0290532565885478,0.347,0.0295037622278922,0.343,0.0294229230634891,0.363,0.029804311929652,0.319,0.0288884984448828,0.372,0.029957623831005,0.272,0.0275807589743284,0.335,0.0292542721666426,0.359,0.0297325604413747,0.366,0.0298566614074648,0.363,0.029804311929652,0.372,0.029957623831005
6,4,0.198,0.0246987998412878,0.299,0.028375967268095,0.127,0.0206378786119116,0.217,0.025548583083999,0.29,0.0281244633726583,0.208,0.0251565064665187,0.179,0.02376042285819,0.222,0.025758606049241,0.294,0.0282378799204189,0.179,0.02376042285819,0.348,0.0295236121367287,0.267,0.0274197625372649,0.265,0.027354115595281,0.197,0.024651704719958,0.16,0.022722478738025,0.298,0.0283486746356862,0.182,0.0239148916284393,0.311,0.0286910126415921,0.282,0.0278896360965861,0.232,0.026162586294172
6,5,0.214,0.0254199230211265,0.195,0.0245567742181256,0.239,0.0264330544281208,0.199,0.0247456500904704,0.17,0.0232819621166258,0.196,0.0246043633203543,0.231,0.026123131175263,0.169,0.0232273645168796,0.209,0.02520098153644,0.309,0.0286400871227725,0.157,0.0225486053138547,0.272,0.0275807589743284,0.266,0.0273870288713471,0.228,0.0260035202539963,0.267,0.0274197625372649,0.197,0.024651704719958,0.222,0.025758606049241,0.293,0.0282097728030553,0.264,0.0273210220599449,0.151,0.0221920994590417
6,6,0.196,0.0246043633203543,0.182,0.0239148916284393,0.178,0.0237083855544826,0.213,0.025376588612341,0.197,0.024651704719958,0.192,0.0244125061720422,0.263,0.0272877476095041,0.16,0.022722478738025,0.211,0.0252892413172083,0.233,0.0262018353860946,0.216,0.0255059191247835,0.284,0.027949352593575,0.207,0.0251117996487706,0.2,0.02479225685572,0.246,0.026693732118233,0.204,0.0249762762316563,0.267,0.0274197625372649,0.349,0.0295433186761406,0.174,0.0234974491892205,0.288,0.0280667620077557
6,8,0.227,0.0259632315708195,0.233,0.0262018353860946,0.232,0.026162586294172,0.265,0.027354115595281,0.23,0.0260834690944283,0.282,0.0278896360965861,0.175,0.0235506050877679,0.248,0.0267664535118121,0.234,0.0262408793755087,0.328,0.0290989708684001,0.212,0.0253330284332529,0.279,0.0277987844050778,0.318,0.0288643524368727,0.184,0.0240165191149758,0.255,0.0270149580788125,0.256,0.0270497042941323,0.237,0.026356789819703,0.28,0.0278292392997005,0.216,0.0255059191247835,0.248,0.0267664535118121
6,11,0.386,0.0301740710942358,0.288,0.0280667620077557,0.435,0.0307273370144566,0.304,0.0285100174394895,0.262,0.0272542915813271,0.249,0.0268025252243142,0.322,0.0289600197789987,0.336,0.0292758659376627,0.281,0.0278595230109921,0.278,0.0277681577638848,0.42,0.0305910732077186,0.255,0.0270149580788125,0.212,0.0253330284332529,0.238,0.0263950224398464,0.287,0.0280376612719392,0.36,0.0297507082268641,0.3,0.028403098422531,0.25,0.0268384053177531,0.285,0.0279789570927867,0.276,0.0277063869604104
6,14,0.29,0.0281244633726583,0.305,0.0285363480494614,0.243,0.0265831932167676,0.602,0.0303386221440592,0.212,0.0253330284332529,0.35,0.0295628821328367,0.906,0.0180877312673535,0.686,0.0287662303126426,0.257,0.0270842640955961,0.401,0.0303767753127286,0.322,0.0289600197789987,0.565,0.0307273370144566,0.414,0.0305284707510874,0.391,0.0302449657034026,0.339,0.0293397662976377,0.694,0.0285625198888333,0.32,0.0289124914180704,0.412,0.0305065673191855,0.415,0.0305392278880786,0.342,0.0294023519059275
6,18,0.29,0.0281244633726583,0.707,0.0282097728030553,0.536,0.0309098897830451,0.21,0.0252452260833607,0.418,0.0305707226214886,0.424,0.0306302288336212,0.434,0.0307191469673231,0.361,0.0297687159010932,0.371,0.0299411411672968,0.47,0.0309344881968329,0.309,0.0286400871227725,0.46,0.0308909928619978,0.618,0.030114939176428,0.641,0.0297325604413747,0.757,0.0265831932167676,0.315,0.0287909923413556,0.446,0.0308090553961006,0.275,0.0276752416430281,0.508,0.0309863540546479,0.455,0.0308645550753611
6,23,0.923,0.0165235091188282,0.688,0.0287162408681916,0.236,0.0263183556933179,0.647,0.02962071683129,0.276,0.0277063869604104,0.546,0.0308588913345894,0.656,0.029443349374689,0.958,0.0124326432266031,0.636,0.0298219007844905,0.795,0.0250216857945263,0.345,0.029463631140781,0.338,0.0293186126820489,0.293,0.0282097728030553,0.715,0.0279789570927867,0.536,0.0309098897830451,0.726,0.0276439222687374,0.361,0.0297687159010932,0.644,0.0296772738370625,0.64,0.0297507082268641,0.825,0.0235506050877679
6,30,0.252,0.0269095937093074,0.324,0.0290069405211925,0.758,0.0265459552022525,0.295,0.0282658231792389,0.765,0.0262797191765817,0.262,0.0272542915813271,0.923,0.0165235091188282,0.719,0.0278595230109921,0.272,0.0275807589743284,0.879,0.0202135779712548,0.264,0.0273210220599449,0.427,0.0306582470731775,0.69,0.0286656281982446,0.807,0.0244608471153392,0.324,0.0290069405211925,0.279,0.0277987844050778,0.248,0.0267664535118121,0.906,0.0180877312673535,0.293,0.0282097728030553,0.326,0.0290532565885478
6,39,0.251,0.0268740945596312,0.302,0.0284568781421996,0.303,0.0284835276186079,0.34,0.029360773831764,0.278,0.0277681577638848,0.396,0.0303125263612256,0.829,0.0233362673621982,0.309,0.0286400871227725,0.267,0.0274197625372649,0.237,0.026356789819703,0.533,0.030922750485686,0.746,0.0269800247294178,0.218,0.0255910258020267,0.481,0.0309679379746214,0.365,0.0298393505291251,0.388,0.0302028304898729,0.21,0.0252452260833607,0.285,0.0279789570927867,0.298,0.0283486746356862,0.756,0.0266202348299183
6,51,0.235,0.0262797191765817,0.24,0.0264708866492983,0.204,0.0249762762316563,0.242,0.0265459552022525,0.717,0.027919579108575,0.271,0.0275489138515477,0.208,0.0251565064665187,0.247,0.0267301894044916,0.24,0.0264708866492983,0.299,0.028375967268095,0.6,0.0303641894342661,0.25,0.0268384053177531,0.256,0.0270497042941323,0.285,0.0279789570927867,0.235,0.0262797191765817,0.274,0.0276439222687374,0.2,0.02479225685572,0.232,0.026162586294172,0.251,0.0268740945596312,0.194,0.0245089359703761
6,66,0.22,0.0256752518974984,0.234,0.0262408793755087,0.213,0.025376588612341,0.206,0.0250668598432272,0.246,0.026693732118233,0.254,0.0269800247294178,0.248,0.0267664535118121,0.235,0.0262797191765817,0.237,0.026356789819703,0.19,0.0243150619986871,0.205,0.0250216857945263,0.248,0.0267664535118121,0.477,0.0309575159468585,0.742,0.0271186381958976,0.197,0.024651704719958,0.374,0.0299901776987066,0.237,0.026356789819703,0.215,0.0254630328122947,0.196,0.0246043633203543,0.203,0.0249306298676948
6,85,0.241,0.0265085199586849,0.234,0.0262408793755087,0.231,0.026123131175263,0.191,0.0243639116399645,0.191,0.0243639116399645,0.215,0.0254630328122947,0.233,0.0262018353860946,0.205,0.0250216857945263,0.184,0.0240165191149758,0.213,0.0253765886123411,0.22,0.0256752518974984,0.362,0.0297865837181775,0.18,0.0238121851160283,0.204,0.0249762762316563,0.22,0.0256752518974984,0.204,0.0249762762316563,0.216,0.0255059191247835,0.185,0.0240669325008402,0.239,0.0264330544281208,0.225,0.0258820207866387
6,110,0.198,0.0246987998412878,0.206,0.0250668598432272,0.203,0.0249306298676948,0.193,0.0244608471153392,0.222,0.025758606049241,0.189,0.0242659557075339,0.183,0.0239658393885964,0.197,0.024651704719958,0.211,0.0252892413172083,0.209,0.0252009815364402,0.177,0.0236560713898144,0.177,0.0236560713898144,0.162,0.022836817851881,0.174,0.0234974491892205,0.166,0.0230617967730183,0.2,0.02479225685572,0.197,0.024651704719958,0.208,0.0251565064665187,0.165,0.0230060087803165,0.2,0.02479225685572
6,142,0.327,0.029076188773634,0.193,0.0244608471153392,0.228,0.0260035202539963,0.175,0.0235506050877679,0.159,0.02266483863609,0.19,0.0243150619986871,0.183,0.0239658393885964,0.207,0.0251117996487706,0.171,0.0233362673621982,0.197,0.024651704719958,0.228,0.0260035202539963,0.208,0.0251565064665187,0.185,0.0240669325008402,0.199,0.0247456500904704,0.169,0.0232273645168796,0.219,0.0256332483778392,0.184,0.0240165191149758,0.208,0.0251565064665187,0.201,0.024838621507644,0.2,0.02479225685572
6,184,0.155,0.0224310846817535,0.189,0.0242659557075339,0.159,0.02266483863609,0.187,0.0241669669093992,0.209,0.02520098153644,0.207,0.0251117996487706,0.184,0.0240165191149758,0.208,0.0251565064665187,0.168,0.0231724724964773,0.203,0.0249306298676948,0.159,0.02266483863609,0.219,0.0256332483778392,0.193,0.0244608471153392,0.212,0.0253330284332529,0.187,0.0241669669093992,0.199,0.0247456500904704,0.177,0.0236560713898144,0.181,0.0238636741177883,0.183,0.0239658393885964,0.174,0.0234974491892205
6,237,0.264,0.0273210220599449,0.277,0.0277373588072116,0.212,0.0253330284332529,0.217,0.025548583083999,0.211,0.0252892413172083,0.149,0.0220705921624228,0.227,0.0259632315708195,0.233,0.0262018353860946,0.219,0.0256332483778392,0.176,0.0236034785233024,0.213,0.025376588612341,0.207,0.0251117996487706,0.279,0.0277987844050778,0.184,0.0240165191149758,0.241,0.0265085199586849,0.195,0.0245567742181256,0.219,0.0256332483778392,0.195,0.0245567742181256,0.397,0.030325640398844,0.254,0.0269800247294178
6,307,0.231,0.026123131175263,0.267,0.0274197625372649,0.284,0.027949352593575,0.248,0.0267664535118121,0.153,0.0223122563986702,0.288,0.0280667620077557,0.197,0.024651704719958,0.197,0.024651704719958,0.206,0.0250668598432272,0.283,0.0279195791085754,0.274,0.0276439222687374,0.202,0.0248847453995414,0.227,0.0259632315708195,0.288,0.0280667620077557,0.282,0.0278896360965861,0.253,0.0269449035181052,0.292,0.028181501336869,0.271,0.0275489138515477,0.232,0.026162586294172,0.243,0.0265831932167676
6,396,0.208,0.0251565064665187,0.283,0.027919579108575,0.202,0.0248847453995414,0.304,0.0285100174394895,0.27,0.0275168922663879,0.288,0.0280667620077557,0.259,0.0271528273003015,0.284,0.027949352593575,0.279,0.0277987844050778,0.307,0.0285885333936527,0.256,0.0270497042941323,0.258,0.0271186381958976,0.269,0.027484693602076,0.249,0.0268025252243142,0.287,0.0280376612719392,0.318,0.0288643524368727,0.285,0.0279789570927867,0.28,0.0278292392997005,0.296,0.0282936030650039,0.269,0.027484693602076
6,512,0.289,0.0280956958696523,0.293,0.0282097728030553,0.291,0.0281530650267426,0.301,0.0284300685612961,0.311,0.0286910126415921,0.28,0.0278292392997005,0.208,0.0251565064665187,0.277,0.0277373588072116,0.284,0.027949352593575,0.28,0.0278292392997005,0.32,0.0289124914180704,0.314,0.0287662303126426,0.291,0.0281530650267426,0.296,0.0282936030650039,0.251,0.0268740945596312,0.3,0.028403098422531,0.295,0.0282658231792389,0.28,0.0278292392997005,0.289,0.0280956958696523,0.291,0.0281530650267426
7,4,0.231,0.026123131175263,0.194,0.0245089359703761,0.21,0.0252452260833607,0.229,0.0260435991061143,0.225,0.0258820207866387,0.204,0.0249762762316563,0.262,0.0272542915813271,0.178,0.0237083855544826,0.212,0.0253330284332529,0.145,0.0218234360264372,0.165,0.0230060087803165,0.215,0.0254630328122947,0.201,0.024838621507644,0.164,0.0229499177863451,0.243,0.0265831932167676,0.149,0.0220705921624228,0.157,0.0225486053138547,0.235,0.0262797191765817,0.199,0.0247456500904704,0.231,0.026123131175263
7,5,0.251,0.0268740945596312,0.268,0.0274523172355267,0.221,0.0257170374343546,0.14,0.0215064790237732,0.213,0.025376588612341,0.186,0.0241170812164324,0.186,0.0241170812164324,0.242,0.0265459552022525,0.211,0.0252892413172083,0.182,0.0239148916284393,0.155,0.0224310846817535,0.159,0.02266483863609,0.241,0.0265085199586849,0.216,0.0255059191247835,0.247,0.0267301894044916,0.224,0.0258410966949934,0.136,0.021246255350061,0.147,0.021947712081217,0.123,0.0203567490921315,0.202,0.0248847453995414
7,6,0.24,0.0264708866492983,0.185,0.0240669325008402,0.204,0.0249762762316563,0.235,0.0262797191765817,0.196,0.0246043633203543,0.191,0.0243639116399645,0.155,0.0224310846817535,0.185,0.0240669325008402,0.182,0.0239148916284393,0.206,0.0250668598432272,0.202,0.0248847453995414,0.233,0.0262018353860946,0.27,0.0275168922663879,0.105,0.0190003778909789,0.157,0.0225486053138547,0.158,0.0226068816425441,0.234,0.0262408793755087,0.252,0.0269095937093074,0.191,0.0243639116399645,0.152,0.0222523453505467
7,8,0.224,0.0258410966949934,0.188,0.0242165912052047,0.245,0.0266570808604393,0.2,0.02479225685572,0.197,0.024651704719958,0.227,0.0259632315708195,0.138,0.021377122575314,0.134,0.0211138492558794,0.19,0.0243150619986871,0.255,0.0270149580788125,0.192,0.0244125061720422,0.188,0.0242165912052047,0.163,0.0228935215639708,0.14,0.0215064790237732,0.179,0.02376042285819,0.213,0.025376588612341,0.132,0.0209798751569212,0.166,0.0230617967730183,0.224,0.0258410966949934,0.157,0.0225486053138547
7,11,0.28,0.0278292392997005,0.271,0.0275489138515477,0.322,0.0289600197789987,0.326,0.0290532565885478,0.174,0.0234974491892205,0.253,0.0269449035181052,0.19,0.0243150619986871,0.172,0.0233902822898741,0.26,0.0271868321067387,0.291,0.0281530650267426,0.197,0.024651704719958,0.287,0.0280376612719392,0.272,0.0275807589743284,0.313,0.0287413132894097,0.2,0.02479225685572,0.243,0.0265831932167676,0.281,0.0278595230109921,0.256,0.0270497042941323,0.298,0.0283486746356862,0.199,0.0247456500904704
7,14,0.306,0.0285625198888333,0.247,0.0267301894044916,0.107,0.019159037595871,0.234,0.0262408793755087,0.232,0.026162586294172,0.386,0.0301740710942358,0.48,0.0309655188879501,0.314,0.0287662303126426,0.3,0.028403098422531,0.3,0.0284030984225313,0.213,0.025376588612341,0.153,0.0223122563986702,0.362,0.0297865837181775,0.151,0.0221920994590417,0.491,0.0309853002309159,0.254,0.0269800247294178,0.4,0.0303641894342661,0.195,0.0245567742181256,0.607,0.0302723887660025,0.299,0.028375967268095
7,18,0.281,0.0278595230109921,0.29,0.0281244633726583,0.43,0.0306851130028878,0.498,0.0309900731460898,0.197,0.024651704719958,0.161,0.0227798043538569,0.692,0.0286143889957482,0.502,0.0309900731460898,0.371,0.0299411411672968,0.548,0.0308471871262194,0.54,0.0308909928619978,0.268,0.0274523172355267,0.599,0.0303767753127286,0.408,0.030461199871311,0.951,0.0133796382013864,0.418,0.0305707226214886,1.0,0.0,0.637,0.029804311929652,0.351,0.0295823027906888,0.415,0.0305392278880786
7,23,0.177,0.0236560713898144,0.905,0.0181736501562014,0.494,0.0309880896862004,0.273,0.0276124282452666,0.618,0.030114939176428,0.685,0.0287909923413556,0.713,0.0280376612719392,0.261,0.0272206533058999,0.199,0.0247456500904704,0.216,0.0255059191247835,0.603,0.030325640398844,0.542,0.0308807936685571,0.539,0.0308959046865438,0.477,0.0309575159468585,0.398,0.0303386221440592,0.581,0.030580962417818,0.213,0.025376588612341,0.884,0.019847746229736,0.612,0.0302028304898729,0.793,0.0251117996487706
7,30,0.634,0.0298566614074648,0.235,0.0262797191765817,0.26,0.0271868321067387,0.229,0.0260435991061143,0.355,0.0296585630130658,0.762,0.0263950224398464,0.815,0.0240669325008402,0.779,0.0257170374343546,0.399,0.0303514717666211,0.205,0.0250216857945263,0.233,0.0262018353860946,0.219,0.0256332483778392,0.213,0.025376588612341,0.732,0.0274523172355267,0.228,0.0260035202539963,0.508,0.0309863540546479,0.17,0.0232819621166258,0.208,0.0251565064665187,0.174,0.0234974491892205,0.19,0.0243150619986871
7,39,0.187,0.0241669669093992,0.208,0.0251565064665187,0.592,0.030461199871311,0.499,0.03099025908894,0.176,0.0236034785233024,0.141,0.0215705992128174,0.253,0.0269449035181052,0.228,0.0260035202539963,0.229,0.0260435991061143,0.17,0.0232819621166258,0.215,0.0254630328122947,0.179,0.02376042285819,0.172,0.0233902822898741,0.822,0.0237083855544826,0.202,0.0248847453995414,0.145,0.0218234360264372,0.206,0.0250668598432272,0.189,0.0242659557075339,0.168,0.0231724724964773,0.168,0.0231724724964773
7,51,0.194,0.0245089359703761,0.208,0.0251565064665187,0.191,0.0243639116399645,0.602,0.0303386221440592,0.662,0.0293186126820489,0.513,0.0309798445703008,0.363,0.029804311929652,0.187,0.0241669669093992,0.19,0.0243150619986871,0.332,0.029188605338385,0.226,0.0259227320782358,0.339,0.0293397662976377,0.171,0.0233362673621982,0.496,0.0309893293635083,0.175,0.0235506050877679,0.149,0.0220705921624228,0.163,0.0228935215639708,0.252,0.0269095937093074,0.192,0.0244125061720422,0.225,0.0258820207866387
7,66,0.172,0.0233902822898741,0.158,0.0226068816425441,0.18,0.0238121851160283,0.168,0.0231724724964773,0.171,0.0233362673621982,0.166,0.0230617967730183,0.365,0.0298393505291251,0.147,0.021947712081217,0.206,0.0250668598432272,0.144,0.0217607670453042,0.145,0.0218234360264372,0.205,0.0250216857945263,0.212,0.0253330284332529,0.156,0.0224900071676289,0.143,0.0216977400113468,0.145,0.0218234360264372,0.17,0.0232819621166258,0.61,0.0302310542323617,0.147,0.021947712081217,0.154,0.0223718352935113
7,85,0.15,0.0221315159896469,0.135,0.0211802464574895,0.138,0.021377122575314,0.167,0.0231172839581123,0.147,0.021947712081217,0.149,0.0220705921624228,0.137,0.0213118795417016,0.18,0.0238121851160283,0.178,0.0237083855544826,0.145,0.0218234360264372,0.159,0.02266483863609,0.129,0.0207759075469641,0.131,0.0209122907018815,0.14,0.0215064790237732,0.136,0.021246255350061,0.147,0.021947712081217,0.159,0.02266483863609,0.164,0.0229499177863451,0.135,0.0211802464574895,0.232,0.026162586294172
7,110,0.137,0.0213118795417016,0.148,0.0220093251509445,0.149,0.0220705921624228,0.13,0.020844302818756,0.629,0.0299411411672968,0.142,0.0216343517952352,0.133,0.021047060070233,0.137,0.0213118795417016,0.162,0.022836817851881,0.134,0.0211138492558794,0.154,0.0223718352935113,0.133,0.021047060070233,0.158,0.0226068816425441,0.137,0.0213118795417016,0.152,0.0222523453505467,0.142,0.0216343517952352,0.132,0.0209798751569212,0.168,0.0231724724964773,0.138,0.021377122575314,0.145,0.0218234360264372
7,142,0.122,0.0202853845317262,0.134,0.0211138492558794,0.146,0.0218857500305564,0.186,0.0241170812164324,0.131,0.0209122907018815,0.14,0.0215064790237732,0.168,0.0231724724964773,0.139,0.0214419879302269,0.127,0.0206378786119116,0.141,0.0215705992128174,0.14,0.0215064790237732,0.137,0.0213118795417016,0.121,0.0202135779712548,0.138,0.021377122575314,0.18,0.0238121851160283,0.136,0.021246255350061,0.142,0.0216343517952352,0.135,0.0211802464574895,0.108,0.0192375772279151,0.13,0.020844302818756
7,184,0.103,0.0188395664918277,0.11,0.0193931080541516,0.128,0.0207071008497085,0.167,0.0231172839581123,0.109,0.0193155986290873,0.214,0.0254199230211265,0.201,0.024838621507644,0.115,0.0197731848724478,0.151,0.0221920994590417,0.116,0.019847746229736,0.113,0.019622624941633,0.104,0.0189202445650155,0.201,0.024838621507644,0.134,0.0211138492558794,0.183,0.0239658393885964,0.135,0.0211802464574895,0.148,0.0220093251509445,0.158,0.0226068816425441,0.125,0.0204981706500848,0.168,0.0231724724964773
7,237,0.2,0.02479225685572,0.152,0.0222523453505467,0.211,0.0252892413172083,0.2,0.02479225685572,0.141,0.0215705992128174,0.232,0.026162586294172,0.136,0.021246255350061,0.139,0.0214419879302269,0.162,0.022836817851881,0.147,0.021947712081217,0.131,0.0209122907018815,0.185,0.0240669325008402,0.158,0.0226068816425441,0.198,0.0246987998412878,0.182,0.0239148916284393,0.163,0.0228935215639708,0.148,0.0220093251509445,0.117,0.0199218356985494,0.196,0.0246043633203543,0.182,0.0239148916284393
7,307,0.234,0.0262408793755087,0.245,0.0266570808604393,0.21,0.0252452260833607,0.24,0.0264708866492983,0.184,0.0240165191149758,0.228,0.0260035202539963,0.163,0.0228935215639708,0.165,0.0230060087803165,0.207,0.0251117996487706,0.214,0.0254199230211265,0.196,0.0246043633203543,0.134,0.0211138492558794,0.225,0.0258820207866387,0.227,0.0259632315708195,0.149,0.0220705921624228,0.127,0.0206378786119116,0.2,0.02479225685572,0.214,0.0254199230211265,0.136,0.021246255350061,0.158,0.0226068816425441
7,396,0.154,0.0223718352935113,0.249,0.0268025252243142,0.18,0.0238121851160283,0.156,0.0224900071676289,0.235,0.0262797191765817,0.187,0.0241669669093992,0.217,0.025548583083999,0.14,0.0215064790237732,0.236,0.0263183556933179,0.142,0.0216343517952352,0.198,0.0246987998412878,0.232,0.026162586294172,0.155,0.0224310846817535,0.227,0.0259632315708195,0.241,0.0265085199586849,0.125,0.0204981706500848,0.2,0.02479225685572,0.219,0.0256332483778392,0.225,0.0258820207866387,0.253,0.0269449035181052
7,512,0.247,0.0267301894044916,0.232,0.026162586294172,0.246,0.026693732118233,0.227,0.0259632315708195,0.254,0.0269800247294178,0.24,0.0264708866492983,0.124,0.0204276762848837,0.245,0.0266570808604393,0.147,0.021947712081217,0.241,0.0265085199586849,0.251,0.0268740945596312,0.189,0.0242659557075339,0.24,0.0264708866492983,0.215,0.0254630328122947,0.201,0.024838621507644,0.233,0.0262018353860946,0.221,0.0257170374343546,0.258,0.0271186381958976,0.178,0.0237083855544826,0.229,0.0260435991061143
8,4,0.051,0.0136356004048226,0.207,0.0251117996487706,0.099,0.0185112635549278,0.158,0.0226068816425441,0.167,0.0231172839581123,0.128,0.0207071008497085,0.15,0.0221315159896469,0.21,0.0252452260833607,0.077,0.0165235091188282,0.212,0.0253330284332529,0.148,0.0220093251509445,0.196,0.0246043633203543,0.184,0.0240165191149758,0.09,0.017737729279702,0.101,0.0186765478180524,0.077,0.0165235091188282,0.128,0.0207071008497085,0.099,0.0185112635549278,0.164,0.0229499177863451,0.202,0.0248847453995414
8,5,0.086,0.0173771437929252,0.182,0.0239148916284393,0.079,0.016718581710181,0.081,0.0169104956284551,0.197,0.024651704719958,0.153,0.0223122563986702,0.079,0.016718581710181,0.161,0.0227798043538569,0.166,0.0230617967730183,0.2,0.02479225685572,0.18,0.0238121851160283,0.125,0.0204981706500848,0.104,0.0189202445650155,0.182,0.0239148916284393,0.059,0.0146041703085111,0.209,0.02520098153644,0.121,0.0202135779712548,0.182,0.0239148916284393,0.104,0.0189202445650155,0.126,0.0205682366380786
8,6,0.161,0.0227798043538569,0.09,0.017737729279702,0.107,0.019159037595871,0.083,0.0170993572276854,0.083,0.0170993572276854,0.107,0.019159037595871,0.106,0.019079973333314,0.171,0.0233362673621982,0.173,0.0234440089063282,0.096,0.0182589543621752,0.081,0.0169104956284551,0.159,0.02266483863609,0.084,0.0171926749053194,0.115,0.0197731848724478,0.158,0.0226068816425441,0.147,0.021947712081217,0.106,0.019079973333314,0.113,0.019622624941633,0.147,0.021947712081217,0.149,0.0220705921624228
8,8,0.15,0.0221315159896469,0.159,0.02266483863609,0.16,0.022722478738025,0.118,0.0199954585243749,0.189,0.0242659557075339,0.121,0.0202135779712548,0.181,0.0238636741177883,0.172,0.0233902822898741,0.133,0.021047060070233,0.129,0.0207759075469641,0.186,0.0241170812164324,0.125,0.0204981706500848,0.138,0.021377122575314,0.19,0.0243150619986871,0.165,0.0230060087803165,0.173,0.0234440089063282,0.105,0.0190003778909789,0.136,0.021246255350061,0.182,0.0239148916284393,0.137,0.0213118795417016
8,11,0.191,0.0243639116399645,0.155,0.0224310846817535,0.26,0.0271868321067387,0.138,0.021377122575314,0.18,0.0238121851160283,0.127,0.0206378786119116,0.092,0.0179140140002178,0.248,0.0267664535118121,0.123,0.0203567490921315,0.127,0.0206378786119116,0.178,0.0237083855544826,0.111,0.0194701116175537,0.133,0.021047060070233,0.178,0.0237083855544826,0.191,0.0243639116399645,0.202,0.0248847453995414,0.142,0.0216343517952352,0.157,0.0225486053138547,0.167,0.0231172839581123,0.141,0.0215705992128174
8,14,0.186,0.0241170812164324,0.152,0.0222523453505467,0.203,0.0249306298676948,0.191,0.0243639116399645,0.171,0.0233362673621982,0.219,0.0256332483778392,0.098,0.0184277528092819,0.301,0.0284300685612961,0.195,0.0245567742181256,0.167,0.0231172839581123,0.114,0.0196981462681136,0.122,0.0202853845317262,0.151,0.0221920994590417,0.461,0.0308959046865438,0.465,0.0309143015447543,0.184,0.0240165191149758,0.153,0.0223122563986702,0.143,0.0216977400113468,0.143,0.0216977400113468,0.322,0.0289600197789987
8,18,0.157,0.0225486053138547,0.31,0.0286656281982446,0.272,0.0275807589743284,0.214,0.0254199230211265,0.21,0.0252452260833607,0.313,0.0287413132894097,0.155,0.0224310846817535,0.14,0.0215064790237732,0.144,0.0217607670453042,0.124,0.0204276762848837,0.391,0.0302449657034026,0.077,0.0165235091188282,0.41,0.0304841440752401,0.243,0.0265831932167676,0.15,0.0221315159896469,0.151,0.0221920994590417,0.131,0.0209122907018815,0.124,0.0204276762848837,0.29,0.0281244633726583,0.238,0.0263950224398464
8,23,0.377,0.0300379831812989,0.186,0.0241170812164324,0.163,0.0228935215639708,0.165,0.0230060087803165,0.429,0.0306762855378548,0.198,0.0246987998412878,0.415,0.0305392278880786,0.143,0.0216977400113468,0.139,0.0214419879302269,0.209,0.0252009815364402,0.33,0.0291440861925708,0.283,0.027919579108575,0.455,0.0308645550753611,0.188,0.0242165912052047,0.162,0.022836817851881,0.208,0.0251565064665187,0.144,0.0217607670453042,0.504,0.0309893293635083,0.163,0.0228935215639708,0.664,0.0292758659376627
8,30,0.265,0.027354115595281,0.098,0.0184277528092819,0.094,0.0180877312673535,0.13,0.020844302818756,0.679,0.0289363317371086,0.162,0.022836817851881,0.183,0.0239658393885964,0.52,0.0309655188879501,0.202,0.0248847453995414,0.135,0.0211802464574895,0.124,0.0204276762848837,0.397,0.030325640398844,0.131,0.0209122907018815,0.162,0.022836817851881,0.172,0.0233902822898741,0.137,0.0213118795417016,0.173,0.0234440089063282,0.18,0.0238121851160283,0.17,0.0232819621166258,0.11,0.0193931080541516
8,39,0.111,0.0194701116175537,0.14,0.0215064790237732,0.162,0.022836817851881,0.442,0.0307811120266958,0.141,0.0215705992128174,0.144,0.0217607670453042,0.134,0.0211138492558794,0.123,0.0203567490921315,0.097,0.0183436524607287,0.131,0.0209122907018815,0.675,0.029030173957453,0.111,0.0194701116175537,0.139,0.0214419879302269,0.149,0.0220705921624228,0.122,0.0202853845317262,0.117,0.0199218356985494,0.117,0.0199218356985494,0.135,0.0211802464574895,0.157,0.0225486053138547,0.128,0.0207071008497085
8,51,0.118,0.0199954585243749,0.146,0.0218857500305564,0.151,0.0221920994590417,0.146,0.0218857500305564,0.168,0.0231724724964773,0.204,0.0249762762316563,0.125,0.0204981706500848,0.119,0.0200686198429289,0.125,0.0204981706500848,0.122,0.0202853845317262,0.131,0.0209122907018815,0.123,0.0203567490921315,0.107,0.019159037595871,0.109,0.0193155986290873,0.141,0.0215705992128174,0.136,0.021246255350061,0.114,0.0196981462681136,0.108,0.0192375772279151,0.142,0.0216343517952352,0.243,0.0265831932167676
8,66,0.106,0.019079973333314,0.128,0.0207071008497085,0.115,0.0197731848724478,0.111,0.0194701116175537,0.115,0.0197731848724478,0.115,0.0197731848724478,0.14,0.0215064790237732,0.151,0.0221920994590417,0.127,0.0206378786119116,0.107,0.019159037595871,0.107,0.019159037595871,0.12,0.0201413246833469,0.111,0.0194701116175537,0.21,0.0252452260833607,0.185,0.0240669325008402,0.144,0.0217607670453042,0.139,0.0214419879302269,0.11,0.0193931080541516,0.106,0.019079973333314,0.101,0.0186765478180524
8,85,0.09,0.017737729279702,0.097,0.0183436524607287,0.078,0.0166214471572122,0.116,0.019847746229736,0.104,0.0189202445650155,0.088,0.0175587997767501,0.113,0.019622624941633,0.124,0.0204276762848837,0.1,0.01859419264179,0.12,0.0201413246833469,0.116,0.019847746229736,0.1,0.01859419264179,0.107,0.019159037595871,0.107,0.019159037595871,0.112,0.0195466152977951,0.125,0.0204981706500848,0.113,0.019622624941633,0.122,0.0202853845317262,0.161,0.0227798043538569,0.095,0.0181736501562014
8,110,0.093,0.01800118889407,0.101,0.0186765478180524,0.1,0.01859419264179,0.105,0.0190003778909789,0.11,0.0193931080541516,0.085,0.0172852665585463,0.105,0.0190003778909789,0.101,0.0186765478180524,0.104,0.0189202445650155,0.101,0.0186765478180524,0.15,0.0221315159896469,0.108,0.0192375772279151,0.133,0.021047060070233,0.095,0.0181736501562014,0.111,0.0194701116175537,0.121,0.0202135779712548,0.096,0.0182589543621752,0.133,0.021047060070233,0.126,0.0205682366380786,0.121,0.0202135779712548
8,142,0.153,0.0223122563986702,0.092,0.0179140140002178,0.091,0.017826197306212,0.083,0.0170993572276854,0.094,0.0180877312673535,0.104,0.0189202445650155,0.09,0.017737729279702,0.114,0.0196981462681136,0.095,0.0181736501562014,0.135,0.0211802464574895,0.099,0.0185112635549278,0.098,0.0184277528092819,0.086,0.0173771437929252,0.08,0.0168149267021893,0.119,0.0200686198429289,0.094,0.0180877312673535,0.131,0.0209122907018815,0.1,0.01859419264179,0.108,0.0192375772279151,0.087,0.0174683178812385
8,184,0.131,0.0209122907018815,0.116,0.019847746229736,0.136,0.021246255350061,0.147,0.021947712081217,0.118,0.0199954585243749,0.153,0.0223122563986702,0.09,0.017737729279702,0.105,0.0190003778909789,0.114,0.0196981462681136,0.124,0.0204276762848837,0.097,0.0183436524607287,0.084,0.0171926749053194,0.113,0.019622624941633,0.088,0.0175587997767501,0.091,0.017826197306212,0.098,0.0184277528092819,0.112,0.0195466152977951,0.165,0.0230060087803165,0.143,0.0216977400113468,0.094,0.0180877312673535
8,237,0.098,0.0184277528092819,0.117,0.0199218356985494,0.099,0.0185112635549278,0.096,0.0182589543621752,0.155,0.0224310846817535,0.072,0.0160212466930635,0.091,0.017826197306212,0.169,0.0232273645168796,0.159,0.02266483863609,0.103,0.0188395664918277,0.123,0.0203567490921315,0.116,0.019847746229736,0.132,0.0209798751569212,0.113,0.019622624941633,0.143,0.0216977400113468,0.125,0.0204981706500848,0.128,0.0207071008497085,0.121,0.0202135779712548,0.095,0.0181736501562014,0.104,0.0189202445650155
8,307,0.184,0.0240165191149758,0.172,0.0233902822898741,0.175,0.0235506050877679,0.143,0.0216977400113468,0.179,0.02376042285819,0.123,0.0203567490921315,0.182,0.0239148916284393,0.141,0.0215705992128174,0.133,0.021047060070233,0.16,0.022722478738025,0.171,0.0233362673621982,0.119,0.0200686198429289,0.147,0.021947712081217,0.197,0.024651704719958,0.146,0.0218857500305564,0.097,0.0183436524607287,0.129,0.0207759075469641,0.114,0.0196981462681136,0.169,0.0232273645168796,0.175,0.0235506050877679
8,396,0.185,0.0240669325008402,0.202,0.0248847453995414,0.207,0.0251117996487706,0.091,0.017826197306212,0.153,0.0223122563986702,0.195,0.0245567742181256,0.107,0.019159037595871,0.115,0.0197731848724478,0.204,0.0249762762316563,0.148,0.0220093251509445,0.15,0.0221315159896469,0.209,0.02520098153644,0.202,0.0248847453995414,0.194,0.0245089359703761,0.103,0.0188395664918277,0.157,0.0225486053138547,0.205,0.0250216857945263,0.136,0.021246255350061,0.159,0.02266483863609,0.138,0.021377122575314
8,512,0.218,0.0255910258020267,0.183,0.0239658393885964,0.18,0.0238121851160283,0.148,0.0220093251509445,0.185,0.0240669325008402,0.215,0.0254630328122947,0.206,0.0250668598432272,0.167,0.0231172839581123,0.202,0.0248847453995414,0.171,0.0233362673621982,0.165,0.0230060087803165,0.186,0.0241170812164324,0.21,0.0252452260833607,0.199,0.0247456500904704,0.205,0.0250216857945263,0.183,0.0239658393885964,0.182,0.0239148916284393,0.205,0.0250216857945263,0.189,0.0242659557075339,0.189,0.0242659557075339
9,4,0.081,0.0169104956284551,0.119,0.0200686198429289,0.084,0.0171926749053194,0.076,0.0164247532218904,0.159,0.02266483863609,0.134,0.0211138492558794,0.105,0.0190003778909789,0.07,0.0158141759190923,0.162,0.022836817851881,0.073,0.0161234274768115,0.084,0.0171926749053194,0.059,0.0146041703085111,0.182,0.0239148916284393,0.112,0.0195466152977951,0.125,0.0204981706500848,0.151,0.0221920994590417,0.157,0.0225486053138547,0.15,0.0221315159896469,0.047,0.0131175114103247,0.127,0.0206378786119116
9,5,0.164,0.0229499177863451,0.141,0.0215705992128174,0.045,0.0128488427494463,0.13,0.020844302818756,0.071,0.01591816868864,0.146,0.0218857500305564,0.067,0.0154965240489601,0.155,0.0224310846817535,0.153,0.0223122563986702,0.053,0.0138857389288435,0.11,0.0193931080541516,0.102,0.018758336642677,0.082,0.0170053015733329,0.14,0.0215064790237732,0.1,0.01859419264179,0.118,0.0199954585243749,0.122,0.0202853845317262,0.159,0.02266483863609,0.073,0.016123427476811,0.11,0.0193931080541516
9,6,0.051,0.0136356004048226,0.089,0.017648600125789,0.103,0.0188395664918277,0.116,0.019847746229736,0.127,0.0206378786119116,0.092,0.0179140140002178,0.065,0.0152798311508995,0.134,0.0211138492558794,0.131,0.0209122907018815,0.107,0.019159037595871,0.151,0.0221920994590417,0.045,0.0128488427494463,0.148,0.0220093251509445,0.128,0.0207071008497085,0.111,0.0194701116175537,0.072,0.0160212466930635,0.111,0.0194701116175537,0.087,0.0174683178812385,0.066,0.0153886838423563,0.076,0.0164247532218904
9,8,0.069,0.0157092502176265,0.142,0.0216343517952352,0.149,0.0220705921624228,0.125,0.0204981706500848,0.106,0.019079973333314,0.087,0.0174683178812385,0.074,0.0162247279915565,0.139,0.0214419879302269,0.124,0.0204276762848837,0.108,0.0192375772279151,0.105,0.0190003778909789,0.142,0.0216343517952352,0.129,0.0207759075469641,0.053,0.0138857389288435,0.129,0.0207759075469641,0.091,0.017826197306212,0.121,0.0202135779712548,0.123,0.0203567490921315,0.091,0.017826197306212,0.115,0.0197731848724478
9,11,0.174,0.0234974491892205,0.098,0.0184277528092819,0.122,0.0202853845317262,0.143,0.0216977400113468,0.14,0.0215064790237732,0.101,0.0186765478180524,0.112,0.0195466152977951,0.128,0.0207071008497085,0.14,0.0215064790237732,0.101,0.0186765478180524,0.134,0.0211138492558794,0.141,0.0215705992128174,0.183,0.0239658393885964,0.177,0.0236560713898144,0.144,0.0217607670453042,0.191,0.0243639116399645,0.1,0.01859419264179,0.138,0.021377122575314,0.132,0.0209798751569212,0.19,0.0243150619986871
9,14,0.163,0.0228935215639708,0.173,0.0234440089063282,0.141,0.0215705992128174,0.155,0.0224310846817535,0.204,0.0249762762316563,0.055,0.0141303630526607,0.151,0.0221920994590417,0.135,0.0211802464574895,0.112,0.0195466152977951,0.146,0.0218857500305564,0.138,0.021377122575314,0.105,0.0190003778909789,0.16,0.022722478738025,0.125,0.0204981706500848,0.202,0.0248847453995414,0.154,0.0223718352935113,0.133,0.021047060070233,0.096,0.0182589543621752,0.183,0.0239658393885964,0.136,0.0212462553500611
9,18,0.424,0.0306302288336212,0.439,0.0307588264795651,0.346,0.029483768660061,0.624,0.0300221844375122,0.169,0.0232273645168796,0.147,0.021947712081217,0.139,0.0214419879302269,0.184,0.0240165191149758,0.235,0.0262797191765817,0.61,0.0302310542323617,0.264,0.0273210220599449,0.139,0.0214419879302269,0.149,0.0220705921624228,0.25,0.0268384053177531,0.489,0.030982820504273,0.152,0.0222523453505467,0.201,0.024838621507644,0.093,0.01800118889407,0.122,0.0202853845317262,0.194,0.0245089359703761
9,23,0.173,0.0234440089063282,0.14,0.0215064790237732,0.418,0.0305707226214886,0.578,0.0306109082779325,0.326,0.0290532565885478,0.129,0.0207759075469641,0.117,0.0199218356985494,0.135,0.0211802464574895,0.36,0.0297507082268641,0.208,0.0251565064665187,0.149,0.0220705921624228,0.399,0.0303514717666211,0.605,0.030299279859429,0.11,0.0193931080541516,0.222,0.025758606049241,0.238,0.0263950224398464,0.161,0.0227798043538569,0.412,0.0305065673191855,0.181,0.0238636741177883,0.13,0.020844302818756
9,30,0.695,0.0285363480494614,0.147,0.021947712081217,0.141,0.0215705992128174,0.098,0.0184277528092819,0.139,0.0214419879302269,0.358,0.029714272287909,0.144,0.0217607670453042,0.132,0.0209798751569212,0.148,0.0220093251509445,0.086,0.0173771437929252,0.167,0.0231172839581123,0.103,0.0188395664918277,0.091,0.017826197306212,0.134,0.0211138492558794,0.09,0.017737729279702,0.122,0.0202853845317262,0.108,0.0192375772279151,0.099,0.0185112635549278,0.114,0.0196981462681136,0.12,0.0201413246833469
9,39,0.114,0.0196981462681136,0.098,0.0184277528092819,0.094,0.0180877312673535,0.102,0.018758336642677,0.087,0.0174683178812385,0.11,0.0193931080541516,0.485,0.0309763722859859,0.139,0.0214419879302269,0.107,0.019159037595871,0.772,0.0260035202539963,0.11,0.0193931080541516,0.094,0.0180877312673535,0.103,0.0188395664918277,0.332,0.029188605338385,0.477,0.0309575159468585,0.133,0.021047060070233,0.145,0.0218234360264372,0.094,0.0180877312673535,0.125,0.0204981706500848,0.111,0.0194701116175537
9,51,0.088,0.0175587997767501,0.573,0.0306582470731775,0.109,0.0193155986290873,0.115,0.0197731848724478,0.094,0.0180877312673535,0.1,0.01859419264179,0.085,0.0172852665585463,0.091,0.017826197306212,0.103,0.0188395664918277,0.104,0.0189202445650155,0.095,0.0181736501562014,0.099,0.0185112635549278,0.126,0.0205682366380786,0.07,0.0158141759190923,0.107,0.019159037595871,0.119,0.0200686198429289,0.124,0.0204276762848837,0.114,0.0196981462681136,0.151,0.0221920994590417,0.098,0.0184277528092819
9,66,0.068,0.0156033727636046,0.118,0.0199954585243749,0.071,0.01591816868864,0.073,0.016123427476811,0.079,0.016718581710181,0.093,0.01800118889407,0.061,0.0148338466487961,0.096,0.0182589543621752,0.075,0.0163251646239785,0.073,0.0161234274768115,0.092,0.0179140140002178,0.105,0.0190003778909789,0.07,0.0158141759190923,0.072,0.0160212466930635,0.08,0.0168149267021893,0.088,0.0175587997767501,0.094,0.0180877312673535,0.072,0.0160212466930635,0.074,0.0162247279915565,0.09,0.017737729279702
9,85,0.083,0.0170993572276854,0.075,0.0163251646239785,0.134,0.0211138492558794,0.093,0.01800118889407,0.131,0.0209122907018815,0.093,0.01800118889407,0.074,0.0162247279915565,0.064,0.0151699441791985,0.093,0.01800118889407,0.075,0.0163251646239785,0.081,0.0169104956284551,0.09,0.017737729279702,0.078,0.0166214471572122,0.088,0.0175587997767501,0.074,0.0162247279915565,0.092,0.0179140140002178,0.076,0.0164247532218904,0.084,0.0171926749053194,0.079,0.016718581710181,0.071,0.01591816868864
9,110,0.076,0.0164247532218904,0.088,0.0175587997767501,0.072,0.0160212466930635,0.083,0.0170993572276854,0.066,0.0153886838423563,0.159,0.02266483863609,0.114,0.0196981462681136,0.08,0.0168149267021893,0.069,0.0157092502176265,0.085,0.0172852665585463,0.064,0.0151699441791985,0.063,0.0150590002855435,0.086,0.0173771437929252,0.07,0.0158141759190923,0.066,0.0153886838423563,0.072,0.0160212466930635,0.086,0.0173771437929252,0.087,0.0174683178812385,0.083,0.0170993572276854,0.062,0.0149469759349508
9,142,0.069,0.0157092502176265,0.091,0.017826197306212,0.094,0.0180877312673535,0.092,0.0179140140002178,0.07,0.0158141759190923,0.052,0.0137613776054579,0.066,0.0153886838423563,0.07,0.0158141759190923,0.098,0.0184277528092819,0.073,0.0161234274768115,0.08,0.0168149267021893,0.065,0.0152798311508995,0.059,0.0146041703085111,0.078,0.0166214471572122,0.097,0.0183436524607287,0.116,0.019847746229736,0.081,0.0169104956284551,0.151,0.0221920994590417,0.074,0.0162247279915565,0.072,0.0160212466930635
9,184,0.052,0.0137613776054579,0.103,0.0188395664918277,0.094,0.0180877312673535,0.092,0.0179140140002178,0.077,0.0165235091188282,0.095,0.0181736501562014,0.147,0.021947712081217,0.086,0.0173771437929252,0.073,0.016123427476811,0.091,0.017826197306212,0.068,0.0156033727636046,0.076,0.0164247532218904,0.081,0.0169104956284551,0.132,0.0209798751569212,0.135,0.0211802464574895,0.081,0.0169104956284551,0.08,0.0168149267021893,0.101,0.0186765478180524,0.062,0.0149469759349508,0.111,0.0194701116175537
9,237,0.103,0.0188395664918277,0.075,0.0163251646239785,0.127,0.0206378786119116,0.103,0.0188395664918277,0.134,0.0211138492558794,0.141,0.0215705992128174,0.111,0.0194701116175537,0.112,0.0195466152977951,0.104,0.0189202445650155,0.133,0.021047060070233,0.085,0.0172852665585463,0.104,0.0189202445650155,0.082,0.0170053015733329,0.08,0.0168149267021893,0.101,0.0186765478180524,0.083,0.0170993572276854,0.091,0.017826197306212,0.072,0.0160212466930635,0.118,0.0199954585243749,0.11,0.0193931080541516
9,307,0.119,0.0200686198429289,0.073,0.016123427476811,0.151,0.0221920994590417,0.15,0.0221315159896469,0.126,0.0205682366380786,0.113,0.019622624941633,0.093,0.01800118889407,0.1,0.01859419264179,0.145,0.0218234360264372,0.095,0.0181736501562014,0.106,0.019079973333314,0.068,0.0156033727636046,0.163,0.0228935215639708,0.134,0.0211138492558794,0.13,0.020844302818756,0.147,0.021947712081217,0.155,0.0224310846817535,0.125,0.0204981706500848,0.087,0.0174683178812385,0.107,0.019159037595871
9,396,0.153,0.0223122563986702,0.147,0.021947712081217,0.177,0.0236560713898144,0.136,0.021246255350061,0.161,0.0227798043538569,0.154,0.0223718352935113,0.172,0.0233902822898741,0.163,0.0228935215639708,0.134,0.0211138492558794,0.158,0.0226068816425441,0.143,0.0216977400113468,0.159,0.02266483863609,0.143,0.0216977400113468,0.149,0.0220705921624228,0.161,0.0227798043538569,0.167,0.0231172839581123,0.137,0.0213118795417016,0.186,0.0241170812164324,0.131,0.0209122907018815,0.177,0.0236560713898144
9,512,0.148,0.0220093251509445,0.146,0.0218857500305564,0.147,0.021947712081217,0.165,0.0230060087803165,0.163,0.0228935215639708,0.18,0.0238121851160283,0.168,0.0231724724964773,0.154,0.0223718352935113,0.154,0.0223718352935113,0.162,0.0228368178518812,0.14,0.0215064790237732,0.147,0.021947712081217,0.164,0.0229499177863451,0.128,0.0207071008497085,0.169,0.0232273645168796,0.126,0.0205682366380786,0.141,0.0215705992128174,0.155,0.0224310846817535,0.177,0.0236560713898144,0.172,0.0233902822898741
10,4,0.121,0.0202135779712548,0.14,0.0215064790237732,0.115,0.0197731848724478,0.144,0.0217607670453042,0.047,0.0131175114103247,0.078,0.0166214471572122,0.031,0.0107423378461115,0.047,0.0131175114103247,0.052,0.0137613776054579,0.066,0.0153886838423563,0.112,0.0195466152977951,0.116,0.019847746229736,0.119,0.0200686198429289,0.098,0.0184277528092819,0.083,0.0170993572276854,0.106,0.019079973333314,0.123,0.0203567490921315,0.105,0.0190003778909789,0.078,0.0166214471572122,0.112,0.0195466152977951
10,5,0.128,0.0207071008497085,0.081,0.0169104956284551,0.122,0.0202853845317262,0.101,0.0186765478180524,0.063,0.0150590002855435,0.117,0.0199218356985494,0.043,0.0125732128590905,0.084,0.0171926749053194,0.104,0.0189202445650155,0.112,0.0195466152977951,0.051,0.0136356004048226,0.073,0.016123427476811,0.104,0.0189202445650155,0.114,0.0196981462681136,0.051,0.0136356004048226,0.06,0.0147195869507265,0.095,0.0181736501562014,0.124,0.0204276762848837,0.12,0.0201413246833469,0.078,0.0166214471572122
10,6,0.101,0.0186765478180524,0.124,0.0204276762848837,0.046,0.012984019963016,0.074,0.0162247279915565,0.058,0.0144875690714488,0.122,0.0202853845317262,0.101,0.0186765478180524,0.057,0.0143697544029116,0.113,0.019622624941633,0.128,0.0207071008497085,0.088,0.0175587997767501,0.085,0.0172852665585463,0.106,0.019079973333314,0.129,0.0207759075469641,0.114,0.0196981462681136,0.069,0.0157092502176265,0.082,0.0170053015733329,0.118,0.0199954585243749,0.081,0.0169104956284551,0.037,0.011699574761503
10,8,0.116,0.019847746229736,0.086,0.0173771437929252,0.098,0.0184277528092819,0.085,0.0172852665585463,0.082,0.0170053015733329,0.113,0.019622624941633,0.11,0.0193931080541516,0.089,0.017648600125789,0.039,0.0119991385690806,0.113,0.019622624941633,0.095,0.0181736501562014,0.028,0.0102251154321112,0.064,0.0151699441791985,0.084,0.0171926749053194,0.099,0.0185112635549278,0.095,0.0181736501562014,0.105,0.0190003778909789,0.123,0.0203567490921315,0.099,0.0185112635549278,0.121,0.0202135779712548
10,11,0.111,0.0194701116175537,0.165,0.0230060087803165,0.08,0.0168149267021893,0.085,0.0172852665585463,0.075,0.0163251646239785,0.083,0.0170993572276854,0.063,0.0150590002855435,0.084,0.0171926749053194,0.116,0.019847746229736,0.107,0.019159037595871,0.106,0.019079973333314,0.103,0.0188395664918277,0.113,0.019622624941633,0.097,0.0183436524607287,0.073,0.016123427476811,0.069,0.0157092502176265,0.076,0.0164247532218904,0.088,0.0175587997767501,0.065,0.0152798311508995,0.071,0.01591816868864
10,14,0.072,0.0160212466930635,0.092,0.0179140140002178,0.11,0.0193931080541516,0.154,0.0223718352935113,0.251,0.0268740945596312,0.114,0.0196981462681136,0.064,0.0151699441791985,0.109,0.0193155986290873,0.142,0.0216343517952352,0.129,0.0207759075469641,0.147,0.021947712081217,0.085,0.0172852665585463,0.137,0.0213118795417016,0.1,0.01859419264179,0.262,0.0272542915813271,0.119,0.0200686198429289,0.105,0.0190003778909789,0.117,0.0199218356985494,0.139,0.0214419879302269,0.07,0.0158141759190923
10,18,0.122,0.0202853845317262,0.108,0.0192375772279151,0.094,0.0180877312673535,0.116,0.019847746229736,0.099,0.0185112635549278,0.062,0.0149469759349508,0.174,0.0234974491892205,0.095,0.0181736501562014,0.11,0.0193931080541516,0.089,0.017648600125789,0.1,0.01859419264179,0.426,0.0306490358478044,0.202,0.0248847453995414,0.407,0.0304495320423812,0.068,0.0156033727636046,0.123,0.0203567490921315,0.308,0.0286143889957482,0.149,0.0220705921624228,0.224,0.0258410966949934,0.14,0.0215064790237732
10,23,0.074,0.0162247279915565,0.083,0.0170993572276854,0.135,0.0211802464574895,0.086,0.0173771437929252,0.111,0.0194701116175537,0.097,0.0183436524607287,0.085,0.0172852665585463,0.08,0.0168149267021893,0.308,0.0286143889957482,0.169,0.0232273645168796,0.09,0.017737729279702,0.232,0.026162586294172,0.081,0.0169104956284551,0.092,0.0179140140002178,0.126,0.0205682366380786,0.106,0.019079973333314,0.117,0.0199218356985494,0.371,0.0299411411672968,0.156,0.0224900071676289,0.104,0.0189202445650155
10,30,0.098,0.0184277528092819,0.114,0.0196981462681136,0.077,0.0165235091188282,0.093,0.01800118889407,0.104,0.0189202445650155,0.08,0.0168149267021893,0.092,0.0179140140002178,0.091,0.017826197306212,0.082,0.0170053015733329,0.118,0.0199954585243749,0.071,0.01591816868864,0.082,0.0170053015733329,0.07,0.0158141759190923,0.071,0.01591816868864,0.085,0.0172852665585463,0.083,0.0170993572276854,0.105,0.0190003778909789,0.097,0.0183436524607287,0.077,0.0165235091188282,0.088,0.0175587997767501
10,39,0.094,0.0180877312673535,0.087,0.0174683178812385,0.062,0.0149469759349508,0.113,0.019622624941633,0.069,0.0157092502176265,0.114,0.0196981462681136,0.061,0.0148338466487961,0.084,0.0171926749053194,0.083,0.0170993572276854,0.071,0.01591816868864,0.086,0.0173771437929252,0.073,0.016123427476811,0.091,0.017826197306212,0.083,0.0170993572276854,0.067,0.0154965240489601,0.07,0.0158141759190923,0.089,0.017648600125789,0.087,0.0174683178812385,0.085,0.0172852665585463,0.078,0.0166214471572122
10,51,0.061,0.0148338466487961,0.071,0.01591816868864,0.162,0.022836817851881,0.068,0.0156033727636046,0.078,0.0166214471572122,0.075,0.0163251646239785,0.08,0.0168149267021893,0.064,0.0151699441791985,0.061,0.0148338466487961,0.076,0.0164247532218904,0.059,0.0146041703085111,0.064,0.0151699441791985,0.078,0.0166214471572122,0.066,0.0153886838423563,0.079,0.016718581710181,0.061,0.0148338466487961,0.078,0.0166214471572122,0.065,0.0152798311508995,0.096,0.0182589543621752,0.078,0.0166214471572122
10,66,0.075,0.0163251646239785,0.04,0.0121456757737064,0.079,0.016718581710181,0.072,0.0160212466930635,0.067,0.0154965240489601,0.064,0.0151699441791985,0.09,0.017737729279702,0.071,0.01591816868864,0.073,0.016123427476811,0.06,0.0147195869507265,0.075,0.0163251646239785,0.074,0.0162247279915565,0.057,0.0143697544029116,0.069,0.0157092502176265,0.057,0.0143697544029116,0.066,0.0153886838423563,0.055,0.0141303630526607,0.063,0.0150590002855435,0.064,0.0151699441791985,0.086,0.0173771437929252
10,85,0.06,0.0147195869507265,0.074,0.0162247279915565,0.062,0.0149469759349508,0.046,0.012984019963016,0.054,0.0140087220830452,0.071,0.01591816868864,0.053,0.0138857389288435,0.058,0.0144875690714488,0.067,0.0154965240489601,0.062,0.0149469759349508,0.064,0.0151699441791985,0.065,0.0152798311508995,0.061,0.0148338466487961,0.056,0.0142506962075542,0.068,0.0156033727636046,0.048,0.0132493680453069,0.09,0.017737729279702,0.08,0.0168149267021893,0.056,0.0142506962075542,0.052,0.0137613776054579
10,110,0.05,0.0135083677770484,0.068,0.0156033727636046,0.046,0.012984019963016,0.079,0.016718581710181,0.056,0.0142506962075542,0.046,0.012984019963016,0.046,0.012984019963016,0.062,0.0149469759349508,0.083,0.0170993572276854,0.057,0.0143697544029116,0.057,0.0143697544029116,0.053,0.0138857389288435,0.054,0.0140087220830452,0.046,0.012984019963016,0.055,0.0141303630526607,0.062,0.0149469759349508,0.063,0.0150590002855435,0.07,0.0158141759190923,0.058,0.0144875690714488,0.066,0.0153886838423563
10,142,0.082,0.0170053015733329,0.059,0.0146041703085111,0.092,0.0179140140002178,0.051,0.0136356004048226,0.062,0.0149469759349508,0.048,0.0132493680453069,0.052,0.0137613776054579,0.052,0.0137613776054579,0.098,0.0184277528092819,0.05,0.0135083677770484,0.057,0.0143697544029116,0.057,0.0143697544029116,0.104,0.0189202445650155,0.061,0.0148338466487961,0.05,0.0135083677770484,0.056,0.0142506962075542,0.047,0.0131175114103247,0.082,0.0170053015733329,0.048,0.0132493680453069,0.071,0.01591816868864
10,184,0.066,0.0153886838423563,0.055,0.0141303630526607,0.05,0.0135083677770484,0.078,0.0166214471572122,0.12,0.0201413246833469,0.048,0.0132493680453069,0.058,0.0144875690714488,0.047,0.0131175114103247,0.095,0.0181736501562014,0.07,0.0158141759190923,0.077,0.0165235091188282,0.099,0.0185112635549278,0.088,0.0175587997767501,0.054,0.0140087220830452,0.119,0.0200686198429289,0.039,0.0119991385690806,0.032,0.0109085930165168,0.039,0.0119991385690806,0.042,0.0124326432266031,0.077,0.0165235091188282
10,237,0.089,0.017648600125789,0.09,0.017737729279702,0.13,0.020844302818756,0.077,0.0165235091188282,0.131,0.0209122907018815,0.087,0.0174683178812385,0.068,0.0156033727636046,0.12,0.0201413246833469,0.126,0.0205682366380786,0.095,0.0181736501562014,0.063,0.0150590002855435,0.079,0.016718581710181,0.104,0.0189202445650155,0.055,0.0141303630526607,0.132,0.0209798751569212,0.074,0.0162247279915565,0.133,0.021047060070233,0.063,0.0150590002855435,0.12,0.0201413246833469,0.121,0.0202135779712548
10,307,0.064,0.0151699441791985,0.123,0.0203567490921315,0.109,0.0193155986290873,0.076,0.0164247532218904,0.091,0.017826197306212,0.139,0.0214419879302269,0.125,0.0204981706500848,0.112,0.0195466152977951,0.11,0.0193931080541516,0.067,0.0154965240489601,0.075,0.0163251646239785,0.122,0.0202853845317262,0.085,0.0172852665585463,0.052,0.0137613776054579,0.062,0.0149469759349508,0.084,0.0171926749053194,0.141,0.0215705992128174,0.133,0.021047060070233,0.104,0.0189202445650155,0.138,0.021377122575314
10,396,0.123,0.0203567490921315,0.118,0.0199954585243749,0.069,0.0157092502176265,0.111,0.0194701116175537,0.095,0.0181736501562014,0.135,0.0211802464574895,0.124,0.0204276762848837,0.137,0.0213118795417016,0.119,0.0200686198429289,0.128,0.0207071008497085,0.13,0.020844302818756,0.124,0.0204276762848837,0.133,0.021047060070233,0.135,0.0211802464574895,0.146,0.0218857500305564,0.105,0.0190003778909789,0.129,0.0207759075469641,0.148,0.0220093251509445,0.06,0.0147195869507265,0.14,0.0215064790237732
10,512,0.097,0.0183436524607287,0.129,0.0207759075469641,0.127,0.0206378786119116,0.101,0.0186765478180524,0.113,0.019622624941633,0.146,0.0218857500305564,0.132,0.0209798751569212,0.099,0.0185112635549278,0.117,0.0199218356985494,0.12,0.0201413246833469,0.143,0.0216977400113468,0.139,0.0214419879302269,0.102,0.018758336642677,0.129,0.0207759075469641,0.133,0.021047060070233,0.103,0.0188395664918277,0.113,0.019622624941633,0.137,0.0213118795417016,0.103,0.0188395664918277,0.098,0.0184277528092819
