1,4,0.796,0.0249762762316563,0.943,0.0143697544029116,1.0,0.0,0.936,0.0151699441791985,1.0,0.0,1.0,0.0,1.0,0.0,0.945,0.0141303630526607,0.877,0.0203567490921315,0.827,0.0234440089063282,1.0,0.0,0.946,0.0140087220830452,0.948,0.0137613776054579,0.927,0.0161234274768114,0.935,0.0152798311508995,1.0,0.0,0.866,0.0211138492558794,0.927,0.0161234274768114,1.0,0.0,0.945,0.0141303630526607
1,5,1.0,0.0,1.0,0.0,0.776,0.0258410966949934,0.939,0.0148338466487961,1.0,0.0,0.938,0.0149469759349508,0.871,0.0207759075469641,0.875,0.0204981706500848,1.0,0.0,0.892,0.0192375772279151,0.871,0.0207759075469641,1.0,0.0,1.0,0.0,0.945,0.0141303630526607,0.956,0.0127119259909739,0.886,0.0196981462681136,1.0,0.0,1.0,0.0,0.89,0.0193931080541516,0.818,0.0239148916284393
1,6,0.817,0.0239658393885964,0.942,0.0144875690714488,1.0,0.0,0.934,0.0153886838423563,0.935,0.0152798311508995,0.876,0.0204276762848837,1.0,0.0,1.0,0.0,0.941,0.0146041703085112,1.0,0.0,1.0,0.0,1.0,0.0,1.0,0.0,1.0,0.0,1.0,0.0,1.0,0.0,1.0,0.0,1.0,0.0,0.933,0.0154965240489601,0.935,0.0152798311508995
1,8,1.0,0.0,1.0,0.0,0.94,0.0147195869507265,1.0,0.0,1.0,0.0,1.0,0.0,1.0,0.0,1.0,0.0,1.0,0.0,0.936,0.0151699441791985,1.0,0.0,1.0,0.0,1.0,0.0,1.0,0.0,1.0,0.0,1.0,0.0,1.0,0.0,1.0,0.0,1.0,0.0,1.0,0.0
1,11,1.0,0.0,1.0,0.0,1.0,0.0,1.0,0.0,1.0,0.0,1.0,0.0,1.0,0.0,1.0,0.0,1.0,0.0,1.0,0.0,1.0,0.0,1.0,0.0,1.0,0.0,1.0,0.0,1.0,0.0,1.0,0.0,1.0,0.0,1.0,0.0,1.0,0.0,1.0,0.0
1,14,1.0,0.0,1.0,0.0,1.0,0.0,1.0,0.0,1.0,0.0,1.0,0.0,1.0,0.0,1.0,0.0,1.0,0.0,1.0,0.0,1.0,0.0,1.0,0.0,1.0,0.0,1.0,0.0,1.0,0.0,1.0,0.0,1.0,0.0,1.0,0.0,1.0,0.0,1.0,0.0
1,18,1.0,0.0,1.0,0.0,1.0,0.0,1.0,0.0,1.0,0.0,1.0,0.0,1.0,0.0,1.0,0.0,1.0,0.0,1.0,0.0,1.0,0.0,1.0,0.0,1.0,0.0,1.0,0.0,1.0,0.0,1.0,0.0,1.0,0.0,1.0,0.0,1.0,0.0,1.0,0.0
1,23,1.0,0.0,1.0,0.0,1.0,0.0,1.0,0.0,1.0,0.0,1.0,0.0,1.0,0.0,1.0,0.0,1.0,0.0,1.0,0.0,1.0,0.0,1.0,0.0,1.0,0.0,1.0,0.0,1.0,0.0,1.0,0.0,1.0,0.0,1.0,0.0,1.0,0.0,1.0,0.0
1,30,1.0,0.0,1.0,0.0,1.0,0.0,1.0,0.0,1.0,0.0,1.0,0.0,1.0,0.0,1.0,0.0,1.0,0.0,1.0,0.0,1.0,0.0,1.0,0.0,1.0,0.0,1.0,0.0,1.0,0.0,1.0,0.0,1.0,0.0,1.0,0.0,1.0,0.0,1.0,0.0
1,39,1.0,0.0,1.0,0.0,1.0,0.0,1.0,0.0,1.0,0.0,1.0,0.0,1.0,0.0,1.0,0.0,1.0,0.0,1.0,0.0,1.0,0.0,1.0,0.0,1.0,0.0,1.0,0.0,1.0,0.0,1.0,0.0,1.0,0.0,1.0,0.0,1.0,0.0,1.0,0.0
1,51,1.0,0.0,1.0,0.0,1.0,0.0,1.0,0.0,1.0,0.0,1.0,0.0,1.0,0.0,1.0,0.0,1.0,0.0,1.0,0.0,1.0,0.0,1.0,0.0,1.0,0.0,1.0,0.0,1.0,0.0,1.0,0.0,1.0,0.0,1.0,0.0,1.0,0.0,1.0,0.0
1,66,1.0,0.0,1.0,0.0,1.0,0.0,1.0,0.0,1.0,0.0,1.0,0.0,1.0,0.0,1.0,0.0,1.0,0.0,1.0,0.0,1.0,0.0,1.0,0.0,1.0,0.0,1.0,0.0,1.0,0.0,1.0,0.0,1.0,0.0,1.0,0.0,1.0,0.0,1.0,0.0
1,85,1.0,0.0,1.0,0.0,1.0,0.0,1.0,0.0,1.0,0.0,1.0,0.0,1.0,0.0,1.0,0.0,1.0,0.0,1.0,0.0,1.0,0.0,1.0,0.0,1.0,0.0,1.0,0.0,1.0,0.0,1.0,0.0,1.0,0.0,1.0,0.0,1.0,0.0,1.0,0.0
1,110,1.0,0.0,1.0,0.0,1.0,0.0,1.0,0.0,1.0,0.0,1.0,0.0,1.0,0.0,1.0,0.0,1.0,0.0,1.0,0.0,1.0,0.0,1.0,0.0,1.0,0.0,1.0,0.0,1.0,0.0,1.0,0.0,1.0,0.0,1.0,0.0,1.0,0.0,1.0,0.0
1,142,1.0,0.0,1.0,0.0,1.0,0.0,1.0,0.0,1.0,0.0,1.0,0.0,1.0,0.0,1.0,0.0,1.0,0.0,1.0,0.0,1.0,0.0,1.0,0.0,1.0,0.0,1.0,0.0,1.0,0.0,1.0,0.0,1.0,0.0,1.0,0.0,1.0,0.0,1.0,0.0
1,184,1.0,0.0,1.0,0.0,1.0,0.0,1.0,0.0,1.0,0.0,1.0,0.0,1.0,0.0,1.0,0.0,1.0,0.0,1.0,0.0,1.0,0.0,1.0,0.0,1.0,0.0,0.812,0.0242165912052047,1.0,0.0,1.0,0.0,1.0,0.0,1.0,0.0,1.0,0.0,1.0,0.0
1,237,0.731,0.027484693602076,1.0,0.0,1.0,0.0,1.0,0.0,1.0,0.0,1.0,0.0,1.0,0.0,1.0,0.0,1.0,0.0,1.0,0.0,1.0,0.0,1.0,0.0,1.0,0.0,1.0,0.0,1.0,0.0,1.0,0.0,1.0,0.0,0.816,0.0240165191149758,1.0,0.0,1.0,0.0
1,307,0.805,0.0245567742181256,1.0,0.0,1.0,0.0,1.0,0.0,1.0,0.0,1.0,0.0,0.815,0.0240669325008402,1.0,0.0,1.0,0.0,1.0,0.0,1.0,0.0,1.0,0.0,1.0,0.0,1.0,0.0,1.0,0.0,0.82,0.0238121851160283,1.0,0.0,1.0,0.0,1.0,0.0,1.0,0.0
1,396,1.0,0.0,1.0,0.0,1.0,0.0,1.0,0.0,0.827,0.0234440089063282,1.0,0.0,0.806,0.0245089359703761,1.0,0.0,1.0,0.0,1.0,0.0,0.878,0.0202853845317262,1.0,0.0,1.0,0.0,1.0,0.0,1.0,0.0,1.0,0.0,1.0,0.0,0.789,0.0252892413172083,0.787,0.025376588612341,1.0,0.0
1,512,1.0,0.0,1.0,0.0,1.0,0.0,1.0,0.0,1.0,0.0,0.873,0.0206378786119116,1.0,0.0,1.0,0.0,1.0,0.0,1.0,0.0,1.0,0.0,1.0,0.0,1.0,0.0,1.0,0.0,1.0,0.0,1.0,0.0,0.788,0.025333028433252,0.769,0.026123131175263,1.0,0.0,1.0,0.0
2,4,0.758,0.0265459552022525,0.698,0.0284568781421996,0.659,0.0293816355977675,0.779,0.0257170374343546,0.75,0.0268384053177531,0.66,0.029360773831764,0.692,0.0286143889957482,0.786,0.0254199230211265,0.666,0.0292325310296594,0.713,0.0280376612719392,0.538,0.0309006914097403,0.69,0.0286656281982446,0.722,0.0277681577638848,0.766,0.0262408793755087,0.679,0.0289363317371086,0.733,0.0274197625372649,0.356,0.0296772738370625,0.637,0.029804311929652,0.648,0.0296015809307543,0.68,0.0289124914180704
2,5,0.721,0.0277987844050778,0.758,0.0265459552022525,0.664,0.0292758659376627,0.818,0.0239148916284393,0.677,0.0289835559171058,0.705,0.0282658231792389,0.803,0.024651704719958,0.7,0.028403098422531,0.751,0.0268025252243142,0.554,0.0308090553961006,0.696,0.0285100174394895,0.699,0.0284300685612961,0.729,0.0275489138515477,0.652,0.0295236121367287,0.711,0.0280956958696523,0.753,0.0267301894044916,0.656,0.029443349374689,0.666,0.0292325310296594,0.8,0.02479225685572,0.732,0.0274523172355267
2,6,0.803,0.024651704719958,0.721,0.0277987844050778,0.847,0.0223122563986702,0.665,0.029254272166642,0.649,0.0295823027906888,0.824,0.0236034785233024,0.78,0.0256752518974984,0.815,0.0240669325008402,0.708,0.028181501336869,0.734,0.0273870288713471,0.678,0.0289600197789987,0.751,0.0268025252243142,0.581,0.030580962417818,0.674,0.0290532565885478,0.706,0.0282378799204189,0.746,0.0269800247294178,0.697,0.0284835276186079,0.617,0.0301299242879898,0.75,0.0268384053177531,0.713,0.0280376612719392
2,8,0.843,0.0225486053138547,0.773,0.0259632315708195,0.666,0.0292325310296594,0.72,0.0278292392997005,0.688,0.0287162408681916,0.699,0.0284300685612961,0.681,0.0288884984448828,0.802,0.0246987998412878,0.783,0.025548583083999,0.757,0.0265831932167676,0.764,0.0263183556933179,0.742,0.0271186381958976,0.692,0.0286143889957482,0.704,0.0282936030650039,0.765,0.0262797191765817,0.772,0.0260035202539963,0.792,0.0251565064665187,0.609,0.0302449657034026,0.715,0.0279789570927867,0.689,0.0286910126415921
2,11,0.788,0.025333028433252,0.61,0.0302310542323617,0.756,0.0266202348299183,0.841,0.02266483863609,0.673,0.02907618877363,0.796,0.0249762762316563,0.802,0.0246987998412878,0.852,0.0220093251509445,0.82,0.0238121851160283,0.762,0.0263950224398464,0.838,0.0228368178518812,0.714,0.0280083931420565,0.807,0.0244608471153392,0.806,0.0245089359703761,0.801,0.0247456500904704,0.76,0.0264708866492983,0.815,0.0240669325008402,0.837,0.0228935215639708,0.848,0.0222523453505467,0.752,0.0267664535118121
2,14,0.795,0.0250216857945263,0.799,0.024838621507644,0.817,0.0239658393885964,0.874,0.0205682366380786,0.938,0.0149469759349508,0.789,0.0252892413172083,0.774,0.0259227320782358,0.928,0.0160212466930635,0.85,0.0221315159896469,0.751,0.0268025252243142,0.799,0.024838621507644,0.794,0.0250668598432272,0.784,0.0255059191247835,0.848,0.0222523453505467,0.779,0.0257170374343546,0.739,0.0272206533058999,0.899,0.0186765478180524,0.823,0.023656071389814,0.817,0.0239658393885964,0.842,0.0226068816425441
2,18,0.956,0.0127119259909739,0.911,0.017648600125789,0.88,0.0201413246833469,0.865,0.0211802464574895,0.821,0.02376042285819,0.867,0.021047060070233,0.988,0.0067487783783437,1.0,0.0,0.908,0.0179140140002178,0.9,0.01859419264179,0.868,0.0209798751569212,0.857,0.0216977400113468,0.941,0.0146041703085112,1.0,0.0,0.875,0.0204981706500848,0.736,0.0273210220599449,0.85,0.0221315159896469,0.83,0.0232819621166258,1.0,0.0,0.81,0.0243150619986871
2,23,1.0,0.0,0.971,0.0104007506652164,0.931,0.0157092502176265,0.988,0.0067487783783437,1.0,0.0,0.996,0.0039121521442806,0.953,0.0131175114103247,0.889,0.0194701116175537,1.0,0.0,0.983,0.0080123016418504,0.992,0.0055214977678162,0.902,0.0184277528092819,0.782,0.0255910258020267,0.776,0.0258410966949934,0.969,0.0107423378461115,0.957,0.0125732128590905,1.0,0.0,0.996,0.0039121521442806,1.0,0.0,0.969,0.0107423378461115
2,30,0.995,0.0043717227725463,0.974,0.0098632995696166,1.0,0.0,1.0,0.0,0.988,0.0067487783783437,0.947,0.0138857389288435,0.936,0.0151699441791985,0.998,0.002769085336352,0.921,0.016718581710181,0.996,0.0039121521442806,1.0,0.0,0.977,0.0092911029269941,0.999,0.0019590197548774,0.927,0.0161234274768114,1.0,0.0,0.988,0.0067487783783437,0.988,0.0067487783783437,0.985,0.0075338993887627,0.995,0.0043717227725463,0.996,0.0039121521442806
2,39,1.0,0.0,1.0,0.0,1.0,0.0,0.923,0.0165235091188282,0.971,0.0104007506652164,0.927,0.0161234274768114,1.0,0.0,1.0,0.0,0.991,0.0058534801955759,1.0,0.0,1.0,0.0,0.995,0.0043717227725463,1.0,0.0,1.0,0.0,0.998,0.002769085336352,1.0,0.0,0.994,0.0047865752266103,1.0,0.0,1.0,0.0,0.989,0.0064647325080006
2,51,1.0,0.0,1.0,0.0,1.0,0.0,1.0,0.0,0.983,0.0080123016418504,1.0,0.0,1.0,0.0,0.996,0.0039121521442806,0.991,0.0058534801955759,0.997,0.0033897235285491,0.996,0.0039121521442806,1.0,0.0,0.999,0.0019590197548774,1.0,0.0,1.0,0.0,0.995,0.0043717227725463,0.997,0.0033897235285491,1.0,0.0,1.0,0.0,0.622,0.0300536457954771
2,66,1.0,0.0,1.0,0.0,0.997,0.0033897235285491,1.0,0.0,1.0,0.0,0.814,0.0241170812164324,0.986,0.0072821319955079,1.0,0.0,0.612,0.0302028304898729,1.0,0.0,0.999,0.0019590197548774,1.0,0.0,1.0,0.0,1.0,0.0,1.0,0.0,1.0,0.0,1.0,0.0,1.0,0.0,1.0,0.0,1.0,0.0
2,85,0.763,0.026356789819703,1.0,0.0,0.672,0.0290989708684001,0.998,0.002769085336352,1.0,0.0,1.0,0.0,1.0,0.0,0.673,0.02907618877363,1.0,0.0,1.0,0.0,1.0,0.0,0.996,0.0039121521442806,1.0,0.0,0.798,0.0248847453995414,1.0,0.0,1.0,0.0,1.0,0.0,1.0,0.0,1.0,0.0,1.0,0.0
2,110,1.0,0.0,0.701,0.028375967268095,1.0,0.0,1.0,0.0,1.0,0.0,1.0,0.0,0.744,0.0270497042941323,1.0,0.0,0.986,0.0072821319955079,0.647,0.029620716831299,0.598,0.0303892295657524,0.858,0.0216343517952352,0.572,0.0306673302652839,1.0,0.0,1.0,0.0,0.996,0.0039121521442806,0.81,0.0243150619986871,1.0,0.0,1.0,0.0,0.998,0.002769085336352
2,142,0.994,0.0047865752266103,1.0,0.0,1.0,0.0,0.646,0.0296397107678195,0.607,0.0302723887660025,1.0,0.0,1.0,0.0,1.0,0.0,0.795,0.0250216857945263,1.0,0.0,1.0,0.0,0.907,0.01800118889407,1.0,0.0,1.0,0.0,0.609,0.0302449657034026,1.0,0.0,1.0,0.0,1.0,0.0,1.0,0.0,1.0,0.0
2,184,1.0,0.0,1.0,0.0,1.0,0.0,1.0,0.0,1.0,0.0,0.667,0.0292106421976648,1.0,0.0,0.752,0.0267664535118121,0.716,0.0279493525935754,0.828,0.0233902822898741,0.993,0.0051674908417915,1.0,0.0,1.0,0.0,1.0,0.0,1.0,0.0,1.0,0.0,1.0,0.0,1.0,0.0,1.0,0.0,1.0,0.0
2,237,0.656,0.029443349374689,1.0,0.0,0.69,0.0286656281982446,0.669,0.0291664201162912,0.675,0.029030173957453,1.0,0.0,0.649,0.0295823027906888,0.997,0.0033897235285491,1.0,0.0,0.667,0.0292106421976648,0.815,0.0240669325008402,0.623,0.0300379831812989,0.625,0.0300062493490939,1.0,0.0,0.828,0.0233902822898741,0.65,0.0295628821328367,1.0,0.0,1.0,0.0,1.0,0.0,1.0,0.0
2,307,0.666,0.0292325310296594,0.658,0.0294023519059275,0.664,0.0292758659376627,0.656,0.029443349374689,0.64,0.0297507082268641,1.0,0.0,1.0,0.0,0.668,0.029188605338385,0.962,0.0118504653748281,0.683,0.02884005300966,0.649,0.0295823027906888,0.623,0.0300379831812989,0.829,0.0233362673621982,0.76,0.0264708866492983,0.72,0.0278292392997005,0.779,0.0257170374343546,0.685,0.0287909923413556,0.644,0.0296772738370625,0.64,0.0297507082268641,1.0,0.0
2,396,0.675,0.029030173957453,0.663,0.0292973126685708,0.978,0.0090915271324459,0.594,0.0304377335292889,0.646,0.0296397107678195,0.601,0.0303514717666211,0.664,0.0292758659376627,0.656,0.029443349374689,0.997,0.0033897235285491,0.627,0.029973969266682,0.82,0.0238121851160283,0.651,0.0295433186761406,0.725,0.0276752416430281,0.659,0.0293816355977675,0.993,0.0051674908417915,0.676,0.0290069405211925,0.672,0.0290989708684001,0.84,0.022722478738025,0.654,0.029483768660061,0.818,0.0239148916284393
2,512,0.627,0.029973969266682,0.664,0.0292758659376627,0.653,0.0295037622278922,0.672,0.0290989708684001,0.65,0.0295628821328367,0.575,0.0306396964736924,0.675,0.029030173957453,0.635,0.0298393505291251,0.677,0.0289835559171058,0.723,0.0277373588072116,0.708,0.028181501336869,0.634,0.0298566614074648,0.674,0.0290532565885478,0.658,0.0294023519059275,0.638,0.0297865837181775,0.648,0.0296015809307543,0.551,0.0308286879123974,0.626,0.0299901776987066,0.667,0.0292106421976648,0.672,0.0290989708684001
3,4,0.581,0.030580962417818,0.539,0.0308959046865438,0.541,0.0308859558764173,0.503,0.0309897632388503,0.53,0.0309344881968329,0.529,0.0309381514379899,0.549,0.030841146515653,0.524,0.0309545996323648,0.323,0.0289835559171058,0.483,0.0309724034843923,0.525,0.0309515589268133,0.515,0.0309763722859859,0.394,0.0302859007196418,0.472,0.0309416900895862,0.491,0.0309853002309159,0.448,0.0308222697671667,0.388,0.0302028304898729,0.352,0.0296015809307543,0.538,0.0309006914097403,0.556,0.0307953363741979
3,5,0.48,0.0309655188879501,0.417,0.0305603536890527,0.543,0.0308755061756078,0.565,0.0307273370144566,0.507,0.0309872838693551,0.498,0.0309900731460898,0.436,0.030735399890029,0.523,0.0309575159468585,0.527,0.0309451041943632,0.506,0.0309880896862004,0.453,0.030853102041772,0.555,0.0308022590080662,0.412,0.0305065673191855,0.571,0.0306762855378548,0.422,0.0306109082779325,0.598,0.0303892295657524,0.656,0.029443349374689,0.616,0.0301447745123429,0.425,0.0306396964736924,0.577,0.0306206328086145
3,6,0.502,0.0309900731460898,0.536,0.0309098897830451,0.505,0.0309887715148567,0.501,0.03099025908894,0.598,0.0303892295657524,0.593,0.0304495320423812,0.568,0.030702384949707,0.525,0.0309515589268133,0.506,0.0309880896862004,0.462,0.0309006914097403,0.507,0.0309872838693551,0.547,0.030853102041772,0.452,0.0308471871262194,0.548,0.0308471871262194,0.458,0.0308807936685571,0.518,0.0309702328308974,0.557,0.0307882874093379,0.51,0.0309841223855057,0.464,0.0309098897830451,0.526,0.0309483937935395
3,8,0.5,0.0309903210696501,0.592,0.030461199871311,0.615,0.0301594900487392,0.374,0.0299901776987066,0.573,0.0306582470731775,0.526,0.0309483937935395,0.614,0.0301740710942358,0.545,0.0308645550753611,0.445,0.0308022590080662,0.528,0.0309416900895862,0.671,0.0291216032250973,0.561,0.0307588264795651,0.483,0.0309724034843923,0.555,0.0308022590080662,0.544,0.0308700933331922,0.499,0.03099025908894,0.546,0.0308588913345894,0.613,0.03018851784371,0.531,0.0309307003218485,0.47,0.0309344881968329
3,11,0.636,0.0298219007844905,0.591,0.0304727371661949,0.497,0.0309897632388503,0.575,0.0306396964736924,0.487,0.0309798445703008,0.546,0.0308588913345894,0.618,0.030114939176428,0.638,0.0297865837181775,0.514,0.0309781704818086,0.674,0.0290532565885478,0.593,0.0304495320423812,0.56,0.0307663816527065,0.638,0.0297865837181775,0.58,0.0305910732077186,0.686,0.0287662303126426,0.495,0.0309887715148567,0.481,0.0309679379746214,0.507,0.0309872838693551,0.504,0.0309893293635083,0.488,0.0309813945715811
3,14,0.63,0.0299245210487987,0.529,0.0309381514379899,0.489,0.030982820504273,0.582,0.0305707226214886,0.572,0.0306673302652839,0.586,0.0305284707510874,0.534,0.0309185884283225,0.608,0.0302587438205884,0.612,0.0302028304898729,0.554,0.0308090553961006,0.635,0.0298393505291251,0.69,0.0286656281982446,0.647,0.02962071683129,0.443,0.0307882874093379,0.596,0.0304137438405731,0.651,0.0295433186761406,0.447,0.0308157256218314,0.621,0.0300691724927707,0.525,0.0309515589268133,0.641,0.0297325604413747
3,18,0.64,0.0297507082268641,0.604,0.0303125263612256,0.442,0.0307811120266958,0.48,0.0309655188879501,0.545,0.0308645550753611,0.483,0.0309724034843923,0.722,0.0277681577638848,0.577,0.0306206328086145,0.503,0.0309897632388503,0.524,0.0309545996323648,0.62,0.0300845634836206,0.506,0.0309880896862004,0.536,0.0309098897830451,0.874,0.0205682366380786,0.628,0.029957623831005,0.664,0.0292758659376627,0.779,0.0257170374343546,0.629,0.0299411411672968,0.535,0.0309143015447543,0.62,0.0300845634836206
3,23,0.565,0.0307273370144566,0.652,0.0295236121367287,0.721,0.0277987844050778,0.653,0.0295037622278922,0.607,0.0302723887660025,0.748,0.0269095937093074,0.446,0.0308090553961006,0.538,0.0309006914097403,0.484,0.030974449961218,0.534,0.0309185884283225,0.65,0.0295628821328367,0.543,0.0308755061756078,0.803,0.024651704719958,0.824,0.0236034785233024,0.661,0.0293397662976377,0.462,0.0309006914097403,0.512,0.0309813945715811,0.525,0.0309515589268133,0.67,0.0291440861925708,0.836,0.0229499177863451
3,30,0.52,0.0309655188879501,0.719,0.0278595230109921,0.787,0.025376588612341,0.673,0.02907618877363,0.461,0.0308959046865438,0.563,0.0307433356940979,0.549,0.030841146515653,0.714,0.0280083931420565,0.86,0.0215064790237732,0.838,0.0228368178518812,0.752,0.0267664535118121,0.482,0.0309702328308974,0.612,0.0302028304898729,0.715,0.0279789570927867,0.813,0.0241669669093992,0.682,0.0288643524368727,0.502,0.0309900731460898,0.759,0.0265085199586849,0.495,0.0309887715148567,0.522,0.0309603079054456
3,39,0.613,0.03018851784371,0.528,0.0309416900895862,0.572,0.0306673302652839,0.647,0.02962071683129,0.498,0.0309900731460898,0.558,0.0307811120266958,0.789,0.0252892413172083,0.578,0.0306109082779325,0.566,0.0307191469673231,0.806,0.0245089359703761,0.548,0.0308471871262194,0.53,0.0309344881968329,0.532,0.0309267877672415,0.499,0.03099025908894,0.523,0.0309575159468585,0.649,0.0295823027906888,0.581,0.030580962417818,0.495,0.0309887715148567,0.528,0.0309416900895862,0.559,0.0307738101378428
3,51,0.514,0.0309781704818086,0.757,0.0265831932167676,0.652,0.0295236121367287,0.505,0.0309887715148567,0.469,0.0309307003218485,0.499,0.03099025908894,0.726,0.0276439222687374,0.578,0.0306109082779325,0.803,0.024651704719958,0.573,0.0306582470731775,0.519,0.0309679379746214,0.534,0.0309185884283225,0.536,0.0309098897830451,0.79,0.0252452260833607,0.699,0.0284300685612961,0.533,0.030922750485686,0.616,0.0301447745123429,0.484,0.030974449961218,0.573,0.0306582470731775,0.496,0.0309893293635083
3,66,0.665,0.029254272166642,0.503,0.0309897632388503,0.498,0.0309900731460898,0.52,0.0309655188879501,0.434,0.0307191469673231,0.497,0.0309897632388503,0.465,0.0309143015447543,0.508,0.0309863540546479,0.48,0.0309655188879501,0.509,0.0309853002309159,0.441,0.0307738101378428,0.522,0.0309603079054456,0.548,0.0308471871262194,0.566,0.0307191469673231,0.373,0.029973969266682,0.459,0.0308859558764173,0.576,0.0306302288336212,0.48,0.0309655188879501,0.542,0.0308807936685571,0.615,0.0301594900487392
3,85,0.525,0.0309515589268133,0.531,0.0309307003218485,0.511,0.030982820504273,0.508,0.0309863540546479,0.457,0.0308755061756078,0.67,0.0291440861925708,0.526,0.0309483937935395,0.588,0.0305065673191855,0.544,0.0308700933331922,0.553,0.0308157256218314,0.487,0.0309798445703008,0.542,0.0308807936685571,0.426,0.0306490358478044,0.538,0.0309006914097403,0.739,0.0272206533058999,0.549,0.030841146515653,0.457,0.0308755061756078,0.557,0.0307882874093379,0.601,0.0303514717666211,0.518,0.0309702328308974
3,110,0.508,0.0309863540546479,0.534,0.0309185884283225,0.524,0.0309545996323648,0.448,0.0308222697671667,0.476,0.0309545996323648,0.534,0.0309185884283225,0.487,0.0309798445703008,0.535,0.0309143015447543,0.469,0.0309307003218485,0.533,0.030922750485686,0.469,0.0309307003218485,0.532,0.0309267877672415,0.574,0.0306490358478044,0.536,0.0309098897830451,0.548,0.0308471871262194,0.542,0.0308807936685571,0.792,0.0251565064665187,0.648,0.0296015809307543,0.496,0.0309893293635083,0.506,0.0309880896862004
3,142,0.513,0.0309798445703008,0.467,0.030922750485686,0.536,0.0309098897830451,0.55,0.0308349801362024,0.517,0.0309724034843923,0.534,0.0309185884283225,0.551,0.0308286879123974,0.522,0.0309603079054456,0.518,0.0309702328308974,0.475,0.0309515589268133,0.44,0.0307663816527065,0.898,0.018758336642677,0.51,0.0309841223855057,0.607,0.0302723887660025,0.536,0.0309098897830451,0.509,0.0309853002309159,0.583,0.0305603536890527,0.647,0.02962071683129,0.517,0.0309724034843923,0.462,0.0309006914097403
3,184,0.52,0.0309655188879501,0.536,0.0309098897830451,0.536,0.0309098897830451,0.51,0.0309841223855057,0.525,0.0309515589268133,0.513,0.0309798445703008,0.415,0.0305392278880786,0.515,0.0309763722859859,0.469,0.0309307003218485,0.562,0.0307511445250416,0.533,0.030922750485686,0.515,0.0309763722859859,0.603,0.030325640398844,0.402,0.0303892295657524,0.525,0.0309515589268133,0.386,0.0301740710942358,0.489,0.030982820504273,0.493,0.0309872838693551,0.561,0.0307588264795651,0.492,0.0309863540546479
3,237,0.485,0.0309763722859859,0.509,0.0309853002309159,0.545,0.0308645550753611,0.497,0.0309897632388503,0.528,0.0309416900895862,0.512,0.0309813945715811,0.527,0.0309451041943632,0.502,0.0309900731460898,0.553,0.0308157256218314,0.56,0.0307663816527065,0.512,0.0309813945715811,0.544,0.0308700933331922,0.528,0.0309416900895862,0.561,0.0307588264795651,0.482,0.0309702328308974,0.523,0.0309575159468585,0.53,0.0309344881968329,0.53,0.0309344881968329,0.535,0.0309143015447543,0.499,0.030990259088946
3,307,0.591,0.0304727371661949,0.541,0.0308859558764173,0.516,0.030974449961218,0.492,0.0309863540546479,0.529,0.0309381514379899,0.449,0.0308286879123974,0.489,0.030982820504273,0.538,0.0309006914097403,0.573,0.0306582470731775,0.548,0.0308471871262194,0.493,0.0309872838693551,0.554,0.0308090553961006,0.472,0.0309416900895862,0.502,0.0309900731460898,0.456,0.0308700933331922,0.502,0.0309900731460898,0.572,0.0306673302652839,0.508,0.0309863540546479,0.496,0.0309893293635083,0.543,0.0308755061756078
3,396,0.556,0.0307953363741979,0.564,0.030735399890029,0.519,0.0309679379746214,0.543,0.0308755061756078,0.607,0.0302723887660025,0.525,0.0309515589268133,0.52,0.0309655188879501,0.506,0.0309880896862004,0.422,0.0306109082779325,0.534,0.0309185884283225,0.542,0.0308807936685571,0.537,0.0309053530897157,0.524,0.0309545996323648,0.505,0.0309887715148567,0.528,0.0309416900895862,0.473,0.0309451041943632,0.542,0.0308807936685571,0.542,0.0308807936685571,0.549,0.030841146515653,0.54,0.0308909928619978
3,512,0.443,0.0307882874093379,0.473,0.0309451041943632,0.516,0.030974449961218,0.501,0.03099025908894,0.538,0.0309006914097403,0.516,0.030974449961218,0.499,0.03099025908894,0.525,0.0309515589268133,0.505,0.0309887715148567,0.573,0.0306582470731775,0.533,0.030922750485686,0.55,0.0308349801362024,0.534,0.0309185884283225,0.509,0.0309853002309159,0.535,0.0309143015447543,0.523,0.0309575159468585,0.48,0.0309655188879501,0.368,0.029890867528394,0.514,0.0309781704818086,0.531,0.0309307003218485
4,4,0.294,0.0282378799204189,0.43,0.0306851130028878,0.416,0.0305498554890199,0.457,0.0308755061756078,0.413,0.0305175839410658,0.506,0.0309880896862004,0.195,0.0245567742181256,0.443,0.0307882874093379,0.461,0.0308959046865438,0.406,0.0304377335292889,0.347,0.0295037622278922,0.414,0.0305284707510874,0.486,0.0309781704818086,0.428,0.0306673302652839,0.434,0.0307191469673231,0.435,0.0307273370144566,0.487,0.0309798445703008,0.435,0.0307273370144566,0.375,0.0300062493490939,0.447,0.0308157256218314
4,5,0.34,0.029360773831764,0.404,0.0304137438405731,0.428,0.0306673302652839,0.286,0.0280083931420565,0.411,0.030495420744761,0.459,0.0308859558764173,0.467,0.030922750485686,0.36,0.0297507082268641,0.458,0.0308807936685571,0.397,0.030325640398844,0.394,0.0302859007196418,0.425,0.0306396964736924,0.43,0.0306851130028878,0.437,0.0307433356940979,0.422,0.0306109082779325,0.449,0.0308286879123974,0.383,0.0301299242879898,0.433,0.0307108296468851,0.461,0.0308959046865438,0.325,0.0290301739574533
4,6,0.424,0.0306302288336212,0.434,0.0307191469673231,0.387,0.03018851784371,0.448,0.0308222697671667,0.357,0.0296958435071307,0.428,0.0306673302652839,0.374,0.0299901776987066,0.441,0.0307738101378428,0.42,0.0305910732077186,0.339,0.0293397662976377,0.423,0.0306206328086145,0.409,0.0304727371661949,0.361,0.0297687159010932,0.435,0.0307273370144566,0.431,0.0306938127706546,0.43,0.0306851130028878,0.438,0.0307511445250416,0.382,0.030114939176428,0.356,0.0296772738370625,0.427,0.0306582470731775
4,8,0.432,0.030702384949707,0.324,0.0290069405211925,0.457,0.0308755061756078,0.486,0.0309781704818086,0.423,0.0306206328086145,0.419,0.030580962417818,0.446,0.0308090553961006,0.412,0.0305065673191855,0.398,0.0303386221440592,0.37,0.0299245210487987,0.407,0.0304495320423812,0.464,0.0309098897830451,0.471,0.0309381514379899,0.421,0.0306010551190641,0.454,0.0308588913345894,0.435,0.0307273370144566,0.249,0.0268025252243142,0.445,0.0308022590080662,0.354,0.0296397107678195,0.341,0.0293816355977675
4,11,0.426,0.0306490358478044,0.435,0.0307273370144566,0.305,0.0285363480494614,0.465,0.0309143015447543,0.39,0.0302310542323617,0.418,0.0305707226214886,0.391,0.0302449657034026,0.422,0.0306109082779325,0.317,0.02884005300966,0.442,0.0307811120266958,0.439,0.0307588264795651,0.371,0.0299411411672968,0.417,0.0305603536890527,0.498,0.0309900731460898,0.42,0.0305910732077186,0.349,0.0295433186761406,0.449,0.0308286879123974,0.449,0.0308286879123974,0.428,0.0306673302652839,0.435,0.0307273370144566
4,14,0.278,0.0277681577638848,0.586,0.0305284707510874,0.473,0.0309451041943632,0.431,0.0306938127706546,0.452,0.0308471871262194,0.352,0.0296015809307543,0.42,0.0305910732077186,0.436,0.030735399890029,0.405,0.0304258041800048,0.391,0.0302449657034026,0.355,0.0296585630130658,0.396,0.0303125263612256,0.44,0.0307663816527065,0.368,0.029890867528394,0.231,0.026123131175263,0.414,0.0305284707510874,0.392,0.0302587438205884,0.369,0.0299077632463546,0.402,0.0303892295657524,0.393,0.0302723887660025
4,18,0.371,0.0299411411672968,0.355,0.0296585630130658,0.423,0.0306206328086145,0.427,0.0306582470731775,0.4,0.0303641894342661,0.474,0.0309483937935395,0.316,0.0288155997751218,0.304,0.0285100174394895,0.435,0.0307273370144566,0.371,0.0299411411672968,0.417,0.0305603536890527,0.451,0.030841146515653,0.429,0.0306762855378548,0.365,0.0298393505291251,0.39,0.0302310542323617,0.38,0.0300845634836206,0.453,0.030853102041772,0.429,0.0306762855378548,0.416,0.0305498554890199,0.363,0.029804311929652
4,23,0.338,0.0293186126820489,0.382,0.030114939176428,0.436,0.030735399890029,0.452,0.0308471871262194,0.423,0.0306206328086145,0.41,0.0304841440752401,0.399,0.0303514717666211,0.451,0.030841146515653,0.343,0.0294229230634891,0.301,0.0284300685612961,0.395,0.030299279859429,0.405,0.0304258041800048,0.387,0.03018851784371,0.335,0.0292542721666426,0.387,0.03018851784371,0.436,0.030735399890029,0.387,0.03018851784371,0.31,0.0286656281982446,0.457,0.0308755061756078,0.423,0.0306206328086145
4,30,0.435,0.0307273370144566,0.443,0.0307882874093379,0.449,0.0308286879123974,0.252,0.0269095937093074,0.367,0.0298738336609146,0.403,0.0304015523551018,0.417,0.0305603536890527,0.301,0.0284300685612961,0.406,0.0304377335292889,0.414,0.0305284707510874,0.366,0.0298566614074648,0.433,0.0307108296468851,0.376,0.0300221844375122,0.424,0.0306302288336212,0.422,0.0306109082779325,0.403,0.0304015523551018,0.466,0.0309185884283225,0.376,0.0300221844375122,0.465,0.0309143015447543,0.432,0.030702384949707
4,39,0.299,0.028375967268095,0.391,0.0302449657034026,0.392,0.0302587438205884,0.382,0.030114939176428,0.353,0.02962071683129,0.451,0.030841146515653,0.456,0.0308700933331922,0.444,0.0307953363741979,0.403,0.0304015523551018,0.328,0.0290989708684001,0.338,0.0293186126820489,0.375,0.0300062493490939,0.434,0.0307191469673231,0.389,0.030217009223283,0.466,0.0309185884283225,0.232,0.026162586294172,0.405,0.0304258041800048,0.412,0.0305065673191855,0.337,0.0292973126685708,0.357,0.0296958435071307
4,51,0.318,0.0288643524368727,0.418,0.0305707226214886,0.408,0.030461199871311,0.492,0.0309863540546479,0.422,0.0306109082779325,0.447,0.0308157256218314,0.43,0.0306851130028878,0.425,0.0306396964736924,0.368,0.029890867528394,0.214,0.0254199230211265,0.428,0.0306673302652839,0.456,0.0308700933331922,0.403,0.0304015523551018,0.449,0.0308286879123974,0.435,0.0307273370144566,0.373,0.029973969266682,0.413,0.0305175839410658,0.379,0.0300691724927707,0.294,0.0282378799204189,0.395,0.030299279859429
4,66,0.415,0.0305392278880786,0.389,0.030217009223283,0.416,0.0305498554890199,0.437,0.0307433356940979,0.448,0.0308222697671667,0.397,0.030325640398844,0.41,0.0304841440752401,0.434,0.0307191469673231,0.468,0.0309267877672415,0.438,0.0307511445250416,0.37,0.0299245210487987,0.297,0.0283212200584649,0.43,0.0306851130028878,0.376,0.0300221844375122,0.441,0.0307738101378428,0.403,0.0304015523551018,0.385,0.0301594900487392,0.399,0.0303514717666211,0.418,0.0305707226214886,0.268,0.0274523172355267
4,85,0.236,0.0263183556933179,0.446,0.0308090553961006,0.409,0.0304727371661949,0.413,0.0305175839410658,0.446,0.0308090553961006,0.422,0.0306109082779325,0.35,0.0295628821328367,0.383,0.0301299242879898,0.353,0.02962071683129,0.434,0.0307191469673231,0.43,0.0306851130028878,0.37,0.0299245210487987,0.447,0.0308157256218314,0.321,0.0289363317371086,0.349,0.0295433186761406,0.337,0.0292973126685708,0.347,0.0295037622278922,0.416,0.0305498554890199,0.493,0.0309872838693551,0.321,0.0289363317371086
4,110,0.359,0.0297325604413747,0.416,0.0305498554890199,0.375,0.0300062493490939,0.392,0.0302587438205884,0.388,0.0302028304898729,0.372,0.029957623831005,0.449,0.0308286879123974,0.397,0.030325640398844,0.387,0.03018851784371,0.429,0.0306762855378548,0.46,0.0308909928619978,0.4,0.0303641894342661,0.418,0.0305707226214886,0.362,0.0297865837181775,0.325,0.0290301739574533,0.43,0.0306851130028878,0.389,0.030217009223283,0.399,0.0303514717666211,0.431,0.0306938127706546,0.367,0.0298738336609146
4,142,0.437,0.0307433356940979,0.432,0.030702384949707,0.467,0.030922750485686,0.434,0.0307191469673231,0.394,0.0302859007196418,0.451,0.030841146515653,0.439,0.0307588264795651,0.457,0.0308755061756078,0.469,0.0309307003218485,0.424,0.0306302288336212,0.325,0.0290301739574533,0.427,0.0306582470731775,0.438,0.0307511445250416,0.436,0.030735399890029,0.426,0.0306490358478044,0.39,0.0302310542323617,0.412,0.0305065673191855,0.361,0.0297687159010932,0.439,0.0307588264795651,0.417,0.0305603536890527
4,184,0.459,0.0308859558764173,0.435,0.0307273370144566,0.298,0.0283486746356862,0.362,0.0297865837181775,0.442,0.0307811120266958,0.373,0.029973969266682,0.464,0.0309098897830451,0.449,0.0308286879123974,0.498,0.0309900731460898,0.444,0.0307953363741979,0.379,0.0300691724927707,0.37,0.0299245210487987,0.468,0.0309267877672415,0.437,0.0307433356940979,0.306,0.0285625198888333,0.408,0.030461199871311,0.328,0.0290989708684001,0.48,0.0309655188879501,0.414,0.0305284707510874,0.365,0.0298393505291251
4,237,0.42,0.0305910732077186,0.427,0.0306582470731775,0.434,0.0307191469673231,0.436,0.030735399890029,0.45,0.0308349801362024,0.312,0.0287162408681916,0.41,0.0304841440752401,0.438,0.0307511445250416,0.427,0.0306582470731775,0.425,0.0306396964736924,0.432,0.030702384949707,0.433,0.0307108296468851,0.424,0.0306302288336212,0.431,0.0306938127706546,0.436,0.030735399890029,0.446,0.0308090553961006,0.431,0.0306938127706546,0.422,0.0306109082779325,0.448,0.0308222697671667,0.396,0.0303125263612256
4,307,0.451,0.030841146515653,0.38,0.0300845634836206,0.368,0.029890867528394,0.375,0.0300062493490939,0.444,0.0307953363741979,0.409,0.0304727371661949,0.459,0.0308859558764173,0.343,0.0294229230634891,0.432,0.030702384949707,0.39,0.0302310542323617,0.447,0.0308157256218314,0.42,0.0305910732077186,0.397,0.030325640398844,0.369,0.0299077632463546,0.352,0.0296015809307543,0.463,0.0309053530897157,0.431,0.0306938127706546,0.464,0.0309098897830451,0.444,0.0307953363741979,0.445,0.0308022590080662
4,396,0.415,0.0305392278880786,0.442,0.0307811120266958,0.435,0.0307273370144566,0.435,0.0307273370144566,0.472,0.0309416900895862,0.359,0.0297325604413747,0.37,0.0299245210487987,0.441,0.0307738101378428,0.412,0.0305065673191855,0.439,0.0307588264795651,0.415,0.0305392278880786,0.435,0.0307273370144566,0.478,0.0309603079054456,0.405,0.0304258041800048,0.404,0.0304137438405731,0.313,0.0287413132894097,0.458,0.0308807936685571,0.433,0.0307108296468851,0.421,0.0306010551190641,0.42,0.0305910732077186
4,512,0.436,0.030735399890029,0.424,0.0306302288336212,0.401,0.0303767753127286,0.426,0.0306490358478044,0.414,0.0305284707510874,0.437,0.0307433356940979,0.442,0.0307811120266958,0.458,0.0308807936685571,0.444,0.0307953363741979,0.418,0.0305707226214886,0.439,0.0307588264795651,0.427,0.0306582470731775,0.453,0.030853102041772,0.425,0.0306396964736924,0.442,0.0307811120266958,0.425,0.0306396964736924,0.414,0.0305284707510874,0.451,0.030841146515653,0.445,0.0308022590080662,0.441,0.0307738101378428
5,4,0.354,0.0296397107678195,0.25,0.0268384053177531,0.351,0.0295823027906888,0.372,0.029957623831005,0.365,0.0298393505291251,0.334,0.0292325310296594,0.347,0.0295037622278922,0.331,0.0291664201162912,0.336,0.0292758659376627,0.289,0.0280956958696523,0.347,0.0295037622278922,0.337,0.0292973126685708,0.34,0.029360773831764,0.376,0.0300221844375122,0.288,0.0280667620077557,0.35,0.0295628821328367,0.342,0.0294023519059275,0.346,0.029483768660061,0.356,0.0296772738370625,0.302,0.0284568781421996
5,5,0.314,0.0287662303126426,0.276,0.0277063869604104,0.338,0.0293186126820489,0.36,0.0297507082268641,0.344,0.029443349374689,0.347,0.0295037622278922,0.371,0.0299411411672968,0.347,0.0295037622278922,0.307,0.0285885333936527,0.343,0.0294229230634891,0.345,0.029463631140781,0.289,0.0280956958696523,0.372,0.029957623831005,0.339,0.0293397662976377,0.368,0.029890867528394,0.303,0.0284835276186079,0.204,0.0249762762316563,0.351,0.0295823027906888,0.306,0.0285625198888333,0.257,0.0270842640955961
5,6,0.356,0.0296772738370625,0.339,0.0293397662976377,0.33,0.0291440861925708,0.34,0.029360773831764,0.201,0.024838621507644,0.288,0.0280667620077557,0.347,0.0295037622278922,0.355,0.0296585630130658,0.27,0.0275168922663879,0.196,0.0246043633203543,0.192,0.0244125061720422,0.3,0.028403098422531,0.388,0.0302028304898729,0.344,0.029443349374689,0.363,0.029804311929652,0.286,0.0280083931420565,0.353,0.02962071683129,0.297,0.0283212200584649,0.27,0.0275168922663879,0.381,0.0300998189761998
5,8,0.202,0.0248847453995414,0.235,0.0262797191765817,0.344,0.029443349374689,0.365,0.0298393505291251,0.267,0.0274197625372649,0.369,0.0299077632463546,0.337,0.0292973126685708,0.327,0.029076188773634,0.363,0.029804311929652,0.345,0.029463631140781,0.213,0.025376588612341,0.234,0.0262408793755087,0.336,0.0292758659376627,0.216,0.0255059191247835,0.256,0.0270497042941323,0.379,0.0300691724927707,0.331,0.0291664201162912,0.249,0.0268025252243142,0.32,0.0289124914180704,0.325,0.0290301739574533
5,11,0.34,0.029360773831764,0.22,0.0256752518974984,0.271,0.0275489138515477,0.346,0.029483768660061,0.362,0.0297865837181775,0.284,0.027949352593575,0.358,0.029714272287909,0.258,0.0271186381958976,0.193,0.0244608471153392,0.291,0.0281530650267426,0.364,0.0298219007844905,0.36,0.0297507082268641,0.387,0.03018851784371,0.245,0.0266570808604393,0.365,0.0298393505291251,0.35,0.0295628821328367,0.208,0.0251565064665187,0.25,0.0268384053177531,0.24,0.0264708866492983,0.259,0.0271528273003015
5,14,0.281,0.0278595230109921,0.201,0.024838621507644,0.313,0.0287413132894097,0.346,0.029483768660061,0.349,0.0295433186761406,0.371,0.0299411411672968,0.334,0.0292325310296594,0.36,0.0297507082268641,0.322,0.0289600197789987,0.17,0.0232819621166258,0.347,0.0295037622278922,0.274,0.0276439222687374,0.375,0.0300062493490939,0.17,0.0232819621166258,0.2,0.02479225685572,0.309,0.0286400871227725,0.352,0.0296015809307543,0.366,0.0298566614074648,0.296,0.0282936030650039,0.328,0.0290989708684001
5,18,0.364,0.0298219007844905,0.314,0.0287662303126426,0.302,0.0284568781421996,0.349,0.0295433186761406,0.323,0.0289835559171058,0.268,0.0274523172355267,0.298,0.0283486746356862,0.357,0.0296958435071307,0.272,0.0275807589743284,0.319,0.0288884984448828,0.336,0.0292758659376627,0.359,0.0297325604413747,0.291,0.0281530650267426,0.347,0.0295037622278922,0.245,0.0266570808604393,0.356,0.0296772738370625,0.291,0.0281530650267426,0.404,0.0304137438405731,0.34,0.029360773831764,0.354,0.0296397107678195
5,23,0.264,0.0273210220599449,0.284,0.027949352593575,0.303,0.0284835276186079,0.342,0.0294023519059275,0.368,0.029890867528394,0.345,0.029463631140781,0.357,0.0296958435071307,0.353,0.02962071683129,0.232,0.026162586294172,0.277,0.0277373588072116,0.289,0.0280956958696523,0.334,0.0292325310296594,0.345,0.029463631140781,0.314,0.0287662303126426,0.304,0.0285100174394895,0.324,0.0290069405211925,0.358,0.029714272287909,0.372,0.029957623831005,0.356,0.0296772738370625,0.343,0.0294229230634891
5,30,0.372,0.029957623831005,0.333,0.0292106421976648,0.357,0.0296958435071307,0.246,0.026693732118233,0.302,0.0284568781421996,0.374,0.0299901776987066,0.299,0.028375967268095,0.353,0.02962071683129,0.248,0.0267664535118121,0.34,0.029360773831764,0.416,0.0305498554890199,0.345,0.029463631140781,0.257,0.0270842640955961,0.376,0.0300221844375122,0.359,0.0297325604413747,0.35,0.0295628821328367,0.351,0.0295823027906888,0.301,0.0284300685612961,0.297,0.0283212200584649,0.211,0.0252892413172083
5,39,0.258,0.0271186381958976,0.248,0.0267664535118121,0.346,0.029483768660061,0.236,0.0263183556933179,0.378,0.0300536457954771,0.265,0.027354115595281,0.31,0.0286656281982446,0.3,0.028403098422531,0.323,0.0289835559171058,0.302,0.0284568781421996,0.246,0.026693732118233,0.338,0.0293186126820489,0.272,0.0275807589743284,0.269,0.027484693602076,0.361,0.0297687159010932,0.357,0.0296958435071307,0.258,0.0271186381958976,0.344,0.029443349374689,0.329,0.0291216032250973,0.305,0.0285363480494614
5,51,0.218,0.0255910258020267,0.292,0.028181501336869,0.313,0.0287413132894097,0.354,0.0296397107678195,0.318,0.0288643524368727,0.334,0.0292325310296594,0.327,0.029076188773634,0.338,0.0293186126820489,0.335,0.0292542721666426,0.34,0.029360773831764,0.339,0.0293397662976377,0.355,0.0296585630130658,0.363,0.029804311929652,0.357,0.0296958435071307,0.306,0.0285625198888333,0.351,0.0295823027906888,0.161,0.0227798043538569,0.362,0.0297865837181775,0.154,0.0223718352935113,0.334,0.0292325310296594
5,66,0.277,0.0277373588072116,0.301,0.0284300685612961,0.334,0.0292325310296594,0.314,0.0287662303126426,0.311,0.0286910126415921,0.357,0.0296958435071307,0.363,0.029804311929652,0.366,0.0298566614074648,0.332,0.029188605338385,0.327,0.029076188773634,0.345,0.029463631140781,0.375,0.0300062493490939,0.323,0.0289835559171058,0.279,0.0277987844050778,0.337,0.0292973126685708,0.34,0.029360773831764,0.336,0.0292758659376627,0.373,0.029973969266682,0.271,0.0275489138515477,0.29,0.0281244633726583
5,85,0.379,0.0300691724927707,0.231,0.026123131175263,0.309,0.0286400871227725,0.36,0.0297507082268641,0.314,0.0287662303126426,0.172,0.0233902822898741,0.208,0.0251565064665187,0.262,0.0272542915813271,0.327,0.029076188773634,0.249,0.0268025252243142,0.272,0.0275807589743284,0.324,0.0290069405211925,0.35,0.0295628821328367,0.325,0.0290301739574533,0.388,0.0302028304898729,0.251,0.0268740945596312,0.29,0.0281244633726583,0.383,0.0301299242879898,0.347,0.0295037622278922,0.218,0.0255910258020267
5,110,0.365,0.0298393505291251,0.35,0.0295628821328367,0.337,0.0292973126685708,0.338,0.0293186126820489,0.343,0.0294229230634891,0.245,0.0266570808604393,0.348,0.0295236121367287,0.344,0.029443349374689,0.33,0.0291440861925708,0.338,0.0293186126820489,0.247,0.0267301894044916,0.361,0.0297687159010932,0.321,0.0289363317371086,0.358,0.029714272287909,0.299,0.028375967268095,0.32,0.0289124914180704,0.345,0.029463631140781,0.349,0.0295433186761406,0.363,0.029804311929652,0.382,0.0301149391764287
5,142,0.334,0.0292325310296594,0.328,0.0290989708684001,0.352,0.0296015809307543,0.342,0.0294023519059275,0.354,0.0296397107678195,0.349,0.0295433186761406,0.333,0.0292106421976648,0.337,0.0292973126685708,0.211,0.0252892413172083,0.3,0.0284030984225313,0.297,0.0283212200584649,0.366,0.0298566614074648,0.373,0.029973969266682,0.309,0.0286400871227725,0.368,0.029890867528394,0.362,0.0297865837181775,0.327,0.029076188773634,0.296,0.0282936030650039,0.323,0.0289835559171058,0.368,0.029890867528394
5,184,0.287,0.0280376612719392,0.362,0.0297865837181775,0.355,0.0296585630130658,0.339,0.0293397662976377,0.338,0.0293186126820489,0.24,0.0264708866492983,0.358,0.029714272287909,0.247,0.0267301894044916,0.252,0.0269095937093074,0.32,0.0289124914180704,0.246,0.026693732118233,0.321,0.0289363317371086,0.299,0.028375967268095,0.331,0.0291664201162912,0.336,0.0292758659376627,0.329,0.0291216032250973,0.344,0.029443349374689,0.312,0.0287162408681916,0.334,0.0292325310296594,0.258,0.0271186381958976
5,237,0.352,0.0296015809307543,0.337,0.0292973126685708,0.356,0.0296772738370625,0.342,0.0294023519059275,0.354,0.0296397107678195,0.343,0.0294229230634891,0.328,0.0290989708684001,0.341,0.0293816355977675,0.368,0.029890867528394,0.366,0.0298566614074648,0.246,0.026693732118233,0.245,0.0266570808604393,0.354,0.0296397107678195,0.359,0.0297325604413747,0.372,0.029957623831005,0.355,0.0296585630130658,0.285,0.0279789570927867,0.371,0.0299411411672968,0.341,0.0293816355977675,0.278,0.0277681577638848
5,307,0.345,0.029463631140781,0.389,0.030217009223283,0.372,0.029957623831005,0.285,0.0279789570927867,0.359,0.0297325604413747,0.376,0.0300221844375122,0.351,0.0295823027906888,0.338,0.0293186126820489,0.294,0.0282378799204189,0.361,0.0297687159010932,0.281,0.0278595230109921,0.285,0.0279789570927867,0.378,0.0300536457954771,0.218,0.0255910258020267,0.277,0.0277373588072116,0.351,0.0295823027906888,0.258,0.0271186381958976,0.339,0.0293397662976377,0.333,0.0292106421976648,0.342,0.0294023519059275
5,396,0.36,0.0297507082268641,0.352,0.0296015809307543,0.357,0.0296958435071307,0.327,0.029076188773634,0.325,0.0290301739574533,0.327,0.029076188773634,0.317,0.02884005300966,0.368,0.029890867528394,0.353,0.02962071683129,0.336,0.0292758659376627,0.368,0.029890867528394,0.276,0.0277063869604104,0.292,0.028181501336869,0.375,0.0300062493490939,0.287,0.0280376612719392,0.358,0.029714272287909,0.353,0.02962071683129,0.384,0.0301447745123429,0.363,0.029804311929652,0.334,0.0292325310296594
5,512,0.367,0.0298738336609146,0.354,0.0296397107678195,0.359,0.0297325604413747,0.353,0.02962071683129,0.333,0.0292106421976648,0.346,0.029483768660061,0.359,0.0297325604413747,0.383,0.0301299242879898,0.351,0.0295823027906888,0.363,0.029804311929652,0.351,0.0295823027906888,0.359,0.0297325604413747,0.345,0.029463631140781,0.335,0.0292542721666426,0.354,0.0296397107678195,0.377,0.0300379831812989,0.363,0.029804311929652,0.348,0.0295236121367287,0.374,0.0299901776987066,0.356,0.0296772738370625
6,4,0.331,0.0291664201162912,0.288,0.0280667620077557,0.2,0.02479225685572,0.289,0.0280956958696523,0.264,0.0273210220599449,0.28,0.0278292392997005,0.275,0.0276752416430281,0.288,0.0280667620077557,0.211,0.0252892413172083,0.305,0.0285363480494614,0.309,0.0286400871227725,0.291,0.0281530650267426,0.234,0.0262408793755087,0.278,0.0277681577638848,0.309,0.0286400871227725,0.318,0.0288643524368727,0.276,0.0277063869604104,0.294,0.0282378799204189,0.307,0.0285885333936527,0.286,0.0280083931420565
6,5,0.288,0.0280667620077557,0.241,0.0265085199586849,0.282,0.0278896360965861,0.289,0.0280956958696523,0.285,0.0279789570927867,0.299,0.028375967268095,0.284,0.027949352593575,0.269,0.027484693602076,0.293,0.0282097728030553,0.28,0.0278292392997005,0.292,0.028181501336869,0.318,0.0288643524368727,0.171,0.0233362673621982,0.29,0.0281244633726583,0.304,0.0285100174394895,0.235,0.0262797191765817,0.16,0.022722478738025,0.302,0.0284568781421996,0.3,0.028403098422531,0.297,0.0283212200584649
6,6,0.117,0.0199218356985494,0.288,0.0280667620077557,0.231,0.026123131175263,0.265,0.027354115595281,0.288,0.0280667620077557,0.185,0.0240669325008402,0.285,0.0279789570927867,0.156,0.0224900071676289,0.195,0.0245567742181256,0.212,0.0253330284332529,0.297,0.0283212200584649,0.288,0.0280667620077557,0.273,0.0276124282452666,0.286,0.0280083931420565,0.163,0.0228935215639708,0.298,0.0283486746356862,0.288,0.0280667620077557,0.156,0.0224900071676289,0.288,0.0280667620077557,0.112,0.0195466152977951
6,8,0.282,0.0278896360965861,0.342,0.0294023519059275,0.278,0.0277681577638848,0.215,0.0254630328122947,0.316,0.0288155997751218,0.196,0.0246043633203543,0.151,0.0221920994590417,0.249,0.0268025252243142,0.185,0.0240669325008402,0.184,0.0240165191149758,0.245,0.0266570808604393,0.26,0.0271868321067387,0.254,0.0269800247294178,0.272,0.0275807589743284,0.169,0.0232273645168796,0.318,0.0288643524368727,0.198,0.0246987998412878,0.271,0.0275489138515477,0.182,0.0239148916284393,0.2,0.02479225685572
6,11,0.207,0.0251117996487706,0.295,0.0282658231792389,0.277,0.0277373588072116,0.226,0.0259227320782358,0.253,0.0269449035181052,0.272,0.0275807589743284,0.141,0.0215705992128174,0.25,0.0268384053177531,0.247,0.0267301894044916,0.156,0.0224900071676289,0.311,0.0286910126415921,0.296,0.0282936030650039,0.122,0.0202853845317262,0.306,0.0285625198888333,0.284,0.027949352593575,0.258,0.0271186381958976,0.148,0.0220093251509445,0.275,0.0276752416430281,0.296,0.0282936030650039,0.28,0.0278292392997005
6,14,0.114,0.0196981462681136,0.287,0.0280376612719392,0.303,0.0284835276186079,0.17,0.0232819621166258,0.231,0.026123131175263,0.305,0.0285363480494614,0.281,0.0278595230109921,0.246,0.026693732118233,0.283,0.027919579108575,0.299,0.028375967268095,0.287,0.0280376612719392,0.258,0.0271186381958976,0.261,0.0272206533058999,0.248,0.0267664535118121,0.218,0.0255910258020267,0.225,0.0258820207866387,0.108,0.0192375772279151,0.257,0.0270842640955961,0.271,0.0275489138515477,0.252,0.0269095937093074
6,18,0.263,0.0272877476095041,0.298,0.0283486746356862,0.23,0.0260834690944283,0.224,0.0258410966949934,0.277,0.0277373588072116,0.296,0.0282936030650039,0.277,0.0277373588072116,0.181,0.0238636741177883,0.135,0.0211802464574895,0.306,0.0285625198888333,0.25,0.0268384053177531,0.297,0.0283212200584649,0.251,0.0268740945596312,0.225,0.0258820207866387,0.242,0.0265459552022525,0.284,0.027949352593575,0.256,0.0270497042941323,0.298,0.0283486746356862,0.275,0.0276752416430281,0.195,0.0245567742181256
6,23,0.28,0.0278292392997005,0.268,0.0274523172355267,0.19,0.0243150619986871,0.319,0.0288884984448828,0.26,0.0271868321067387,0.286,0.0280083931420565,0.243,0.0265831932167676,0.25,0.0268384053177531,0.292,0.028181501336869,0.282,0.0278896360965861,0.208,0.0251565064665187,0.307,0.0285885333936527,0.297,0.0283212200584649,0.314,0.0287662303126426,0.229,0.0260435991061143,0.307,0.0285885333936527,0.262,0.0272542915813271,0.198,0.0246987998412878,0.272,0.0275807589743284,0.292,0.0281815013368699
6,30,0.169,0.0232273645168796,0.194,0.0245089359703761,0.209,0.02520098153644,0.233,0.0262018353860946,0.218,0.0255910258020267,0.216,0.0255059191247835,0.305,0.0285363480494614,0.29,0.0281244633726583,0.222,0.025758606049241,0.308,0.0286143889957482,0.264,0.0273210220599449,0.092,0.0179140140002178,0.299,0.028375967268095,0.256,0.0270497042941323,0.308,0.0286143889957482,0.186,0.0241170812164324,0.287,0.0280376612719392,0.285,0.0279789570927867,0.193,0.0244608471153392,0.285,0.0279789570927867
6,39,0.238,0.0263950224398464,0.285,0.0279789570927867,0.291,0.0281530650267426,0.295,0.0282658231792389,0.162,0.022836817851881,0.288,0.0280667620077557,0.221,0.0257170374343546,0.274,0.0276439222687374,0.21,0.0252452260833607,0.296,0.0282936030650039,0.274,0.0276439222687374,0.226,0.0259227320782358,0.247,0.0267301894044916,0.369,0.0299077632463546,0.293,0.0282097728030553,0.281,0.0278595230109921,0.305,0.0285363480494614,0.289,0.0280956958696523,0.327,0.029076188773634,0.261,0.0272206533058999
6,51,0.283,0.027919579108575,0.194,0.0245089359703761,0.293,0.0282097728030553,0.237,0.026356789819703,0.225,0.0258820207866387,0.266,0.0273870288713471,0.276,0.0277063869604104,0.252,0.0269095937093074,0.363,0.029804311929652,0.277,0.0277373588072116,0.285,0.0279789570927867,0.307,0.0285885333936527,0.209,0.02520098153644,0.147,0.021947712081217,0.326,0.0290532565885478,0.29,0.0281244633726583,0.184,0.0240165191149758,0.315,0.0287909923413556,0.228,0.0260035202539963,0.271,0.0275489138515477
6,66,0.283,0.027919579108575,0.224,0.0258410966949934,0.301,0.0284300685612961,0.29,0.0281244633726583,0.282,0.0278896360965861,0.277,0.0277373588072116,0.311,0.0286910126415921,0.292,0.028181501336869,0.304,0.0285100174394895,0.282,0.0278896360965861,0.201,0.024838621507644,0.3,0.028403098422531,0.296,0.0282936030650039,0.273,0.0276124282452666,0.293,0.0282097728030553,0.301,0.0284300685612961,0.273,0.0276124282452666,0.309,0.0286400871227725,0.323,0.0289835559171058,0.279,0.0277987844050778
6,85,0.281,0.0278595230109921,0.281,0.0278595230109921,0.287,0.0280376612719392,0.297,0.0283212200584649,0.28,0.0278292392997005,0.273,0.0276124282452666,0.259,0.0271528273003015,0.191,0.0243639116399645,0.307,0.0285885333936527,0.318,0.0288643524368727,0.296,0.0282936030650039,0.304,0.0285100174394895,0.199,0.0247456500904704,0.268,0.0274523172355267,0.299,0.028375967268095,0.274,0.0276439222687374,0.264,0.0273210220599449,0.287,0.0280376612719392,0.297,0.0283212200584649,0.258,0.0271186381958976
6,110,0.153,0.0223122563986702,0.242,0.0265459552022525,0.295,0.0282658231792389,0.318,0.0288643524368727,0.285,0.0279789570927867,0.296,0.0282936030650039,0.297,0.0283212200584649,0.298,0.0283486746356862,0.292,0.028181501336869,0.266,0.0273870288713471,0.251,0.0268740945596312,0.278,0.0277681577638848,0.281,0.0278595230109921,0.304,0.0285100174394895,0.176,0.0236034785233024,0.287,0.0280376612719392,0.312,0.0287162408681916,0.225,0.0258820207866387,0.225,0.0258820207866387,0.254,0.0269800247294178
6,142,0.343,0.0294229230634891,0.287,0.0280376612719392,0.257,0.0270842640955961,0.24,0.0264708866492983,0.259,0.0271528273003015,0.265,0.027354115595281,0.302,0.0284568781421996,0.197,0.024651704719958,0.304,0.0285100174394895,0.256,0.0270497042941323,0.308,0.0286143889957482,0.287,0.0280376612719392,0.295,0.0282658231792389,0.289,0.0280956958696523,0.242,0.0265459552022525,0.257,0.0270842640955961,0.288,0.0280667620077557,0.294,0.0282378799204189,0.298,0.0283486746356862,0.312,0.0287162408681916
6,184,0.269,0.027484693602076,0.198,0.0246987998412878,0.25,0.0268384053177531,0.272,0.0275807589743284,0.247,0.0267301894044916,0.199,0.0247456500904704,0.297,0.0283212200584649,0.282,0.0278896360965861,0.302,0.0284568781421996,0.18,0.0238121851160283,0.282,0.0278896360965861,0.228,0.0260035202539963,0.193,0.0244608471153392,0.268,0.0274523172355267,0.273,0.0276124282452666,0.336,0.0292758659376627,0.284,0.027949352593575,0.303,0.0284835276186079,0.273,0.0276124282452666,0.259,0.0271528273003015
6,237,0.211,0.0252892413172083,0.299,0.028375967268095,0.213,0.025376588612341,0.221,0.0257170374343546,0.302,0.0284568781421996,0.293,0.0282097728030553,0.303,0.0284835276186079,0.284,0.027949352593575,0.296,0.0282936030650039,0.304,0.0285100174394895,0.216,0.0255059191247835,0.27,0.0275168922663879,0.309,0.0286400871227725,0.291,0.0281530650267426,0.268,0.0274523172355267,0.259,0.0271528273003015,0.27,0.0275168922663879,0.284,0.027949352593575,0.285,0.0279789570927867,0.303,0.0284835276186079
6,307,0.274,0.0276439222687374,0.26,0.0271868321067387,0.275,0.0276752416430281,0.284,0.027949352593575,0.252,0.0269095937093074,0.274,0.0276439222687374,0.22,0.0256752518974984,0.298,0.0283486746356862,0.177,0.0236560713898144,0.304,0.0285100174394895,0.288,0.0280667620077557,0.308,0.0286143889957482,0.25,0.0268384053177531,0.261,0.0272206533058999,0.221,0.0257170374343546,0.28,0.0278292392997005,0.297,0.0283212200584649,0.236,0.0263183556933179,0.18,0.0238121851160283,0.303,0.0284835276186079
6,396,0.276,0.0277063869604104,0.283,0.027919579108575,0.269,0.027484693602076,0.284,0.027949352593575,0.295,0.0282658231792389,0.272,0.0275807589743284,0.306,0.0285625198888333,0.305,0.0285363480494614,0.266,0.0273870288713471,0.277,0.0277373588072116,0.19,0.0243150619986871,0.308,0.0286143889957482,0.282,0.0278896360965861,0.284,0.027949352593575,0.244,0.0266202348299183,0.307,0.0285885333936527,0.28,0.0278292392997005,0.278,0.0277681577638848,0.283,0.027919579108575,0.302,0.0284568781421996
6,512,0.294,0.0282378799204189,0.303,0.0284835276186079,0.289,0.0280956958696523,0.281,0.0278595230109921,0.262,0.0272542915813271,0.291,0.0281530650267426,0.285,0.0279789570927867,0.304,0.0285100174394895,0.271,0.0275489138515477,0.273,0.0276124282452666,0.287,0.0280376612719392,0.29,0.0281244633726583,0.289,0.0280956958696523,0.312,0.0287162408681916,0.304,0.0285100174394895,0.286,0.0280083931420565,0.275,0.0276752416430281,0.307,0.0285885333936527,0.285,0.0279789570927867,0.274,0.0276439222687374
7,4,0.238,0.0263950224398464,0.249,0.0268025252243142,0.243,0.0265831932167676,0.195,0.0245567742181256,0.254,0.0269800247294178,0.281,0.0278595230109921,0.175,0.0235506050877679,0.233,0.0262018353860946,0.234,0.0262408793755087,0.215,0.0254630328122947,0.235,0.0262797191765817,0.219,0.0256332483778392,0.222,0.025758606049241,0.274,0.0276439222687374,0.198,0.0246987998412878,0.216,0.0255059191247835,0.093,0.01800118889407,0.232,0.026162586294172,0.205,0.0250216857945263,0.219,0.0256332483778392
7,5,0.219,0.0256332483778392,0.222,0.025758606049241,0.229,0.0260435991061143,0.228,0.0260035202539963,0.227,0.0259632315708195,0.235,0.0262797191765817,0.22,0.0256752518974984,0.225,0.0258820207866387,0.084,0.0171926749053194,0.209,0.0252009815364402,0.228,0.0260035202539963,0.23,0.0260834690944283,0.241,0.0265085199586849,0.218,0.0255910258020267,0.214,0.0254199230211265,0.237,0.026356789819703,0.216,0.0255059191247835,0.184,0.0240165191149758,0.189,0.0242659557075339,0.228,0.0260035202539963
7,6,0.245,0.0266570808604393,0.152,0.0222523453505467,0.229,0.0260435991061143,0.248,0.0267664535118121,0.24,0.0264708866492983,0.186,0.0241170812164324,0.211,0.0252892413172083,0.252,0.0269095937093074,0.208,0.0251565064665187,0.188,0.0242165912052047,0.201,0.024838621507644,0.221,0.0257170374343546,0.149,0.0220705921624228,0.262,0.0272542915813271,0.241,0.0265085199586849,0.245,0.0266570808604393,0.217,0.025548583083999,0.255,0.0270149580788125,0.234,0.0262408793755087,0.139,0.0214419879302269
7,8,0.235,0.0262797191765817,0.251,0.0268740945596312,0.23,0.0260834690944283,0.237,0.026356789819703,0.235,0.0262797191765817,0.243,0.0265831932167676,0.235,0.0262797191765817,0.166,0.0230617967730183,0.228,0.0260035202539963,0.135,0.0211802464574895,0.256,0.0270497042941323,0.234,0.0262408793755087,0.168,0.0231724724964773,0.198,0.0246987998412878,0.233,0.0262018353860946,0.258,0.0271186381958976,0.242,0.0265459552022525,0.233,0.0262018353860946,0.231,0.026123131175263,0.234,0.0262408793755087
7,11,0.235,0.0262797191765817,0.216,0.0255059191247835,0.193,0.0244608471153392,0.244,0.0266202348299183,0.11,0.0193931080541516,0.154,0.0223718352935113,0.218,0.0255910258020267,0.26,0.0271868321067387,0.202,0.0248847453995414,0.235,0.0262797191765817,0.262,0.0272542915813271,0.232,0.026162586294172,0.152,0.0222523453505467,0.253,0.0269449035181052,0.24,0.0264708866492983,0.227,0.0259632315708195,0.101,0.0186765478180524,0.256,0.0270497042941323,0.112,0.0195466152977951,0.216,0.0255059191247835
7,14,0.262,0.0272542915813271,0.116,0.019847746229736,0.242,0.0265459552022525,0.165,0.0230060087803165,0.223,0.0257999587906647,0.232,0.026162586294172,0.22,0.0256752518974984,0.128,0.0207071008497085,0.221,0.0257170374343546,0.194,0.0245089359703761,0.136,0.021246255350061,0.224,0.0258410966949934,0.145,0.0218234360264372,0.194,0.0245089359703761,0.206,0.0250668598432272,0.237,0.026356789819703,0.218,0.0255910258020267,0.23,0.0260834690944283,0.222,0.025758606049241,0.216,0.0255059191247835
7,18,0.256,0.0270497042941323,0.161,0.0227798043538569,0.193,0.0244608471153392,0.23,0.0260834690944283,0.155,0.0224310846817535,0.173,0.0234440089063282,0.214,0.0254199230211265,0.216,0.0255059191247835,0.242,0.0265459552022525,0.23,0.0260834690944283,0.253,0.0269449035181052,0.245,0.0266570808604393,0.235,0.0262797191765817,0.214,0.0254199230211265,0.24,0.0264708866492983,0.213,0.025376588612341,0.16,0.022722478738025,0.23,0.0260834690944283,0.239,0.0264330544281208,0.156,0.0224900071676289
7,23,0.237,0.026356789819703,0.184,0.0240165191149758,0.172,0.0233902822898741,0.132,0.0209798751569212,0.2,0.02479225685572,0.104,0.0189202445650155,0.085,0.0172852665585463,0.233,0.0262018353860946,0.165,0.0230060087803165,0.226,0.0259227320782358,0.162,0.022836817851881,0.232,0.026162586294172,0.223,0.0257999587906647,0.238,0.0263950224398464,0.228,0.0260035202539963,0.12,0.0201413246833469,0.234,0.0262408793755087,0.234,0.0262408793755087,0.125,0.0204981706500848,0.228,0.0260035202539963
7,30,0.225,0.0258820207866387,0.162,0.022836817851881,0.221,0.0257170374343546,0.185,0.0240669325008402,0.19,0.0243150619986871,0.221,0.0257170374343546,0.111,0.0194701116175537,0.246,0.026693732118233,0.164,0.0229499177863451,0.22,0.0256752518974984,0.244,0.0266202348299183,0.173,0.0234440089063282,0.223,0.0257999587906647,0.198,0.0246987998412878,0.215,0.0254630328122947,0.156,0.0224900071676289,0.18,0.0238121851160283,0.151,0.0221920994590417,0.201,0.024838621507644,0.25,0.0268384053177531
7,39,0.24,0.0264708866492983,0.195,0.0245567742181256,0.082,0.0170053015733329,0.173,0.0234440089063282,0.253,0.0269449035181052,0.255,0.0270149580788125,0.214,0.0254199230211265,0.136,0.021246255350061,0.232,0.026162586294172,0.181,0.0238636741177883,0.199,0.0247456500904704,0.218,0.0255910258020267,0.191,0.0243639116399645,0.24,0.0264708866492983,0.222,0.025758606049241,0.213,0.025376588612341,0.233,0.0262018353860946,0.222,0.025758606049241,0.238,0.0263950224398464,0.129,0.0207759075469641
7,51,0.233,0.0262018353860946,0.238,0.0263950224398464,0.231,0.026123131175263,0.214,0.0254199230211265,0.235,0.0262797191765817,0.26,0.0271868321067387,0.24,0.0264708866492983,0.199,0.0247456500904704,0.093,0.01800118889407,0.243,0.0265831932167676,0.234,0.0262408793755087,0.256,0.0270497042941323,0.218,0.0255910258020267,0.132,0.0209798751569212,0.232,0.026162586294172,0.151,0.0221920994590417,0.225,0.0258820207866387,0.232,0.026162586294172,0.194,0.0245089359703761,0.205,0.0250216857945263
7,66,0.206,0.0250668598432272,0.204,0.0249762762316563,0.245,0.0266570808604393,0.228,0.0260035202539963,0.094,0.0180877312673535,0.243,0.0265831932167676,0.25,0.0268384053177531,0.246,0.026693732118233,0.219,0.0256332483778392,0.227,0.0259632315708195,0.244,0.0266202348299183,0.222,0.025758606049241,0.217,0.025548583083999,0.225,0.0258820207866387,0.223,0.0257999587906647,0.234,0.0262408793755087,0.197,0.024651704719958,0.212,0.0253330284332529,0.212,0.0253330284332529,0.216,0.0255059191247835
7,85,0.198,0.0246987998412878,0.215,0.0254630328122947,0.252,0.0269095937093074,0.144,0.0217607670453042,0.235,0.0262797191765817,0.179,0.02376042285819,0.191,0.0243639116399645,0.231,0.026123131175263,0.083,0.0170993572276854,0.205,0.0250216857945263,0.158,0.0226068816425441,0.172,0.0233902822898741,0.202,0.0248847453995414,0.205,0.0250216857945263,0.262,0.0272542915813271,0.216,0.0255059191247835,0.182,0.0239148916284393,0.228,0.0260035202539963,0.232,0.026162586294172,0.22,0.0256752518974984
7,110,0.239,0.0264330544281208,0.216,0.0255059191247835,0.15,0.0221315159896469,0.232,0.026162586294172,0.215,0.0254630328122947,0.226,0.0259227320782358,0.166,0.0230617967730183,0.238,0.0263950224398464,0.224,0.0258410966949934,0.124,0.0204276762848837,0.24,0.0264708866492983,0.242,0.0265459552022525,0.179,0.02376042285819,0.179,0.02376042285819,0.232,0.026162586294172,0.243,0.0265831932167676,0.237,0.026356789819703,0.198,0.0246987998412878,0.173,0.0234440089063282,0.23,0.0260834690944283
7,142,0.194,0.0245089359703761,0.224,0.0258410966949934,0.231,0.026123131175263,0.142,0.0216343517952352,0.239,0.0264330544281208,0.157,0.0225486053138547,0.208,0.0251565064665187,0.148,0.0220093251509445,0.145,0.0218234360264372,0.244,0.0266202348299183,0.248,0.0267664535118121,0.19,0.0243150619986871,0.246,0.026693732118233,0.241,0.0265085199586849,0.196,0.0246043633203543,0.224,0.0258410966949934,0.254,0.0269800247294178,0.24,0.0264708866492983,0.218,0.0255910258020267,0.226,0.0259227320782358
7,184,0.211,0.0252892413172083,0.241,0.0265085199586849,0.223,0.0257999587906647,0.262,0.0272542915813271,0.244,0.0266202348299183,0.168,0.0231724724964773,0.238,0.0263950224398464,0.161,0.0227798043538569,0.177,0.0236560713898144,0.174,0.0234974491892205,0.179,0.02376042285819,0.187,0.0241669669093992,0.218,0.0255910258020267,0.211,0.0252892413172083,0.204,0.0249762762316563,0.21,0.0252452260833607,0.25,0.0268384053177531,0.218,0.0255910258020267,0.177,0.0236560713898144,0.219,0.0256332483778392
7,237,0.282,0.0278896360965861,0.237,0.026356789819703,0.197,0.024651704719958,0.243,0.0265831932167676,0.191,0.0243639116399645,0.128,0.0207071008497085,0.142,0.0216343517952352,0.266,0.0273870288713471,0.228,0.0260035202539963,0.239,0.0264330544281208,0.257,0.0270842640955961,0.264,0.0273210220599449,0.096,0.0182589543621752,0.247,0.0267301894044916,0.198,0.0246987998412878,0.211,0.0252892413172083,0.15,0.0221315159896469,0.167,0.0231172839581123,0.199,0.0247456500904704,0.233,0.0262018353860946
7,307,0.239,0.0264330544281208,0.215,0.0254630328122947,0.218,0.0255910258020267,0.236,0.0263183556933179,0.159,0.02266483863609,0.223,0.0257999587906647,0.219,0.0256332483778392,0.129,0.0207759075469641,0.233,0.0262018353860946,0.215,0.0254630328122947,0.134,0.0211138492558794,0.221,0.0257170374343546,0.216,0.0255059191247835,0.195,0.0245567742181256,0.128,0.0207071008497085,0.236,0.0263183556933179,0.239,0.0264330544281208,0.11,0.0193931080541516,0.161,0.0227798043538569,0.223,0.0257999587906647
7,396,0.242,0.0265459552022525,0.243,0.0265831932167676,0.256,0.0270497042941323,0.219,0.0256332483778392,0.242,0.0265459552022525,0.24,0.0264708866492983,0.223,0.0257999587906647,0.235,0.0262797191765817,0.246,0.026693732118233,0.213,0.0253765886123411,0.212,0.0253330284332529,0.211,0.0252892413172083,0.23,0.0260834690944283,0.236,0.0263183556933179,0.245,0.0266570808604393,0.242,0.0265459552022525,0.227,0.0259632315708195,0.23,0.0260834690944283,0.214,0.0254199230211265,0.236,0.0263183556933179
7,512,0.235,0.0262797191765817,0.23,0.0260834690944283,0.239,0.0264330544281208,0.222,0.025758606049241,0.245,0.0266570808604393,0.253,0.0269449035181052,0.229,0.0260435991061143,0.22,0.0256752518974984,0.233,0.0262018353860946,0.218,0.0255910258020267,0.243,0.0265831932167676,0.249,0.0268025252243142,0.204,0.0249762762316563,0.214,0.0254199230211265,0.226,0.0259227320782358,0.22,0.0256752518974984,0.248,0.0267664535118121,0.253,0.0269449035181052,0.229,0.0260435991061143,0.227,0.0259632315708195
8,4,0.203,0.0249306298676948,0.159,0.02266483863609,0.179,0.02376042285819,0.167,0.0231172839581123,0.187,0.0241669669093992,0.172,0.0233902822898741,0.19,0.0243150619986871,0.211,0.0252892413172083,0.199,0.0247456500904704,0.162,0.0228368178518812,0.19,0.0243150619986871,0.19,0.0243150619986871,0.196,0.0246043633203543,0.198,0.0246987998412878,0.17,0.0232819621166258,0.077,0.0165235091188282,0.196,0.0246043633203543,0.196,0.0246043633203543,0.191,0.0243639116399645,0.191,0.0243639116399645
8,5,0.06,0.0147195869507265,0.127,0.0206378786119116,0.057,0.0143697544029116,0.151,0.0221920994590417,0.184,0.0240165191149758,0.184,0.0240165191149758,0.218,0.0255910258020267,0.183,0.0239658393885964,0.165,0.0230060087803165,0.178,0.0237083855544826,0.232,0.026162586294172,0.19,0.0243150619986871,0.19,0.0243150619986871,0.182,0.0239148916284393,0.095,0.0181736501562014,0.197,0.024651704719958,0.17,0.0232819621166258,0.202,0.0248847453995414,0.12,0.0201413246833469,0.181,0.0238636741177883
8,6,0.165,0.0230060087803165,0.19,0.0243150619986871,0.195,0.0245567742181256,0.169,0.0232273645168796,0.172,0.0233902822898741,0.188,0.0242165912052047,0.183,0.0239658393885964,0.201,0.024838621507644,0.187,0.0241669669093992,0.138,0.021377122575314,0.201,0.024838621507644,0.167,0.0231172839581123,0.201,0.024838621507644,0.158,0.0226068816425441,0.188,0.0242165912052047,0.212,0.0253330284332529,0.184,0.0240165191149758,0.192,0.0244125061720422,0.174,0.0234974491892205,0.207,0.0251117996487706
8,8,0.206,0.0250668598432272,0.206,0.0250668598432272,0.099,0.0185112635549278,0.177,0.0236560713898144,0.184,0.0240165191149758,0.188,0.0242165912052047,0.189,0.0242659557075339,0.182,0.0239148916284393,0.167,0.0231172839581123,0.215,0.0254630328122947,0.211,0.0252892413172083,0.118,0.0199954585243749,0.157,0.0225486053138547,0.187,0.0241669669093992,0.137,0.0213118795417016,0.176,0.0236034785233024,0.098,0.0184277528092819,0.207,0.0251117996487706,0.197,0.024651704719958,0.187,0.0241669669093992
8,11,0.172,0.0233902822898741,0.156,0.0224900071676289,0.121,0.0202135779712548,0.152,0.0222523453505467,0.205,0.0250216857945263,0.183,0.0239658393885964,0.19,0.0243150619986871,0.203,0.0249306298676948,0.183,0.0239658393885964,0.06,0.0147195869507265,0.185,0.0240669325008402,0.196,0.0246043633203543,0.201,0.024838621507644,0.087,0.0174683178812385,0.237,0.026356789819703,0.185,0.0240669325008402,0.184,0.0240165191149758,0.189,0.0242659557075339,0.212,0.0253330284332529,0.191,0.0243639116399645
8,14,0.106,0.019079973333314,0.073,0.016123427476811,0.12,0.0201413246833469,0.175,0.0235506050877679,0.202,0.0248847453995414,0.209,0.02520098153644,0.136,0.021246255350061,0.199,0.0247456500904704,0.148,0.0220093251509445,0.218,0.0255910258020267,0.189,0.0242659557075339,0.182,0.0239148916284393,0.176,0.0236034785233024,0.156,0.0224900071676289,0.162,0.022836817851881,0.18,0.0238121851160283,0.126,0.0205682366380786,0.128,0.0207071008497085,0.151,0.0221920994590417,0.17,0.0232819621166258
8,18,0.205,0.0250216857945263,0.073,0.016123427476811,0.159,0.02266483863609,0.189,0.0242659557075339,0.167,0.0231172839581123,0.187,0.0241669669093992,0.174,0.0234974491892205,0.183,0.0239658393885964,0.2,0.02479225685572,0.108,0.0192375772279151,0.107,0.019159037595871,0.21,0.0252452260833607,0.181,0.0238636741177883,0.206,0.0250668598432272,0.08,0.0168149267021893,0.197,0.024651704719958,0.214,0.0254199230211265,0.099,0.0185112635549278,0.186,0.0241170812164324,0.103,0.0188395664918277
8,23,0.185,0.0240669325008402,0.077,0.0165235091188282,0.171,0.0233362673621982,0.119,0.0200686198429289,0.169,0.0232273645168796,0.199,0.0247456500904704,0.058,0.0144875690714488,0.201,0.024838621507644,0.208,0.0251565064665187,0.189,0.0242659557075339,0.129,0.0207759075469641,0.208,0.0251565064665187,0.127,0.0206378786119116,0.187,0.0241669669093992,0.119,0.0200686198429289,0.082,0.0170053015733329,0.133,0.021047060070233,0.059,0.0146041703085111,0.178,0.0237083855544826,0.154,0.0223718352935113
8,30,0.195,0.0245567742181256,0.172,0.0233902822898741,0.205,0.0250216857945263,0.143,0.0216977400113468,0.187,0.0241669669093992,0.159,0.02266483863609,0.125,0.0204981706500848,0.197,0.024651704719958,0.186,0.0241170812164324,0.16,0.022722478738025,0.168,0.0231724724964773,0.186,0.0241170812164324,0.157,0.0225486053138547,0.091,0.017826197306212,0.163,0.0228935215639708,0.112,0.0195466152977951,0.108,0.0192375772279151,0.166,0.0230617967730183,0.202,0.0248847453995414,0.159,0.02266483863609
8,39,0.168,0.0231724724964773,0.123,0.0203567490921315,0.191,0.0243639116399645,0.214,0.0254199230211265,0.194,0.0245089359703761,0.126,0.0205682366380786,0.152,0.0222523453505467,0.148,0.0220093251509445,0.167,0.0231172839581123,0.063,0.0150590002855435,0.211,0.0252892413172083,0.14,0.0215064790237732,0.204,0.0249762762316563,0.169,0.0232273645168796,0.157,0.0225486053138547,0.146,0.0218857500305564,0.183,0.0239658393885964,0.179,0.02376042285819,0.154,0.0223718352935113,0.202,0.0248847453995414
8,51,0.173,0.0234440089063282,0.162,0.022836817851881,0.156,0.0224900071676289,0.2,0.02479225685572,0.194,0.0245089359703761,0.121,0.0202135779712548,0.189,0.0242659557075339,0.166,0.0230617967730183,0.145,0.0218234360264372,0.135,0.0211802464574895,0.158,0.0226068816425441,0.069,0.0157092502176265,0.118,0.0199954585243749,0.192,0.0244125061720422,0.166,0.0230617967730183,0.207,0.0251117996487706,0.14,0.0215064790237732,0.153,0.0223122563986702,0.138,0.021377122575314,0.112,0.0195466152977951
8,66,0.192,0.0244125061720422,0.18,0.0238121851160283,0.199,0.0247456500904704,0.186,0.0241170812164324,0.091,0.017826197306212,0.201,0.024838621507644,0.206,0.0250668598432272,0.229,0.0260435991061143,0.184,0.0240165191149758,0.189,0.0242659557075339,0.189,0.0242659557075339,0.176,0.0236034785233024,0.162,0.022836817851881,0.163,0.0228935215639708,0.16,0.022722478738025,0.188,0.0242165912052047,0.157,0.0225486053138547,0.089,0.017648600125789,0.178,0.0237083855544826,0.158,0.0226068816425441
8,85,0.22,0.0256752518974984,0.205,0.0250216857945263,0.153,0.0223122563986702,0.067,0.0154965240489601,0.194,0.0245089359703761,0.113,0.019622624941633,0.167,0.0231172839581123,0.166,0.0230617967730183,0.203,0.0249306298676948,0.199,0.0247456500904704,0.185,0.0240669325008402,0.159,0.02266483863609,0.104,0.0189202445650155,0.07,0.0158141759190923,0.194,0.0245089359703761,0.19,0.0243150619986871,0.165,0.0230060087803165,0.204,0.0249762762316563,0.136,0.021246255350061,0.192,0.0244125061720422
8,110,0.133,0.021047060070233,0.161,0.0227798043538569,0.206,0.0250668598432272,0.13,0.020844302818756,0.192,0.0244125061720422,0.163,0.0228935215639708,0.184,0.0240165191149758,0.205,0.0250216857945263,0.167,0.0231172839581123,0.139,0.0214419879302269,0.173,0.0234440089063282,0.126,0.0205682366380786,0.119,0.0200686198429289,0.144,0.0217607670453042,0.195,0.0245567742181256,0.095,0.0181736501562014,0.135,0.0211802464574895,0.118,0.0199954585243749,0.213,0.025376588612341,0.171,0.0233362673621982
8,142,0.165,0.0230060087803165,0.191,0.0243639116399645,0.175,0.0235506050877679,0.161,0.0227798043538569,0.161,0.0227798043538569,0.099,0.0185112635549278,0.151,0.0221920994590417,0.157,0.0225486053138547,0.141,0.0215705992128174,0.14,0.0215064790237732,0.13,0.020844302818756,0.151,0.0221920994590417,0.139,0.0214419879302269,0.144,0.0217607670453042,0.115,0.0197731848724478,0.105,0.0190003778909789,0.196,0.0246043633203543,0.151,0.0221920994590417,0.168,0.0231724724964773,0.069,0.0157092502176265
8,184,0.19,0.0243150619986871,0.14,0.0215064790237732,0.189,0.0242659557075339,0.144,0.0217607670453042,0.179,0.02376042285819,0.072,0.0160212466930635,0.193,0.0244608471153392,0.196,0.0246043633203543,0.176,0.0236034785233024,0.069,0.0157092502176265,0.172,0.0233902822898741,0.172,0.0233902822898741,0.189,0.0242659557075339,0.206,0.0250668598432272,0.198,0.0246987998412878,0.111,0.0194701116175537,0.134,0.0211138492558794,0.142,0.0216343517952352,0.175,0.0235506050877679,0.134,0.0211138492558794
8,237,0.196,0.0246043633203543,0.108,0.0192375772279151,0.192,0.0244125061720422,0.184,0.0240165191149758,0.194,0.0245089359703761,0.202,0.0248847453995414,0.192,0.0244125061720422,0.187,0.0241669669093992,0.176,0.0236034785233024,0.186,0.0241170812164324,0.17,0.0232819621166258,0.157,0.0225486053138547,0.139,0.0214419879302269,0.182,0.0239148916284393,0.165,0.0230060087803165,0.142,0.0216343517952352,0.149,0.0220705921624228,0.199,0.0247456500904704,0.171,0.0233362673621982,0.181,0.0238636741177883
8,307,0.197,0.024651704719958,0.187,0.0241669669093992,0.189,0.0242659557075339,0.175,0.0235506050877679,0.192,0.0244125061720422,0.196,0.0246043633203543,0.179,0.02376042285819,0.195,0.0245567742181256,0.183,0.0239658393885964,0.187,0.0241669669093992,0.176,0.0236034785233024,0.194,0.0245089359703761,0.157,0.0225486053138547,0.2,0.02479225685572,0.184,0.0240165191149758,0.185,0.0240669325008402,0.183,0.0239658393885964,0.165,0.0230060087803165,0.208,0.0251565064665187,0.184,0.0240165191149758
8,396,0.178,0.0237083855544826,0.19,0.0243150619986871,0.196,0.0246043633203543,0.197,0.024651704719958,0.183,0.0239658393885964,0.198,0.0246987998412878,0.201,0.024838621507644,0.175,0.0235506050877679,0.192,0.0244125061720422,0.188,0.0242165912052047,0.198,0.0246987998412878,0.196,0.0246043633203543,0.183,0.0239658393885964,0.088,0.0175587997767501,0.187,0.0241669669093992,0.163,0.0228935215639708,0.185,0.0240669325008402,0.178,0.0237083855544826,0.19,0.0243150619986871,0.2,0.02479225685572
8,512,0.203,0.0249306298676948,0.178,0.0237083855544826,0.217,0.025548583083999,0.2,0.02479225685572,0.192,0.0244125061720422,0.21,0.0252452260833607,0.181,0.0238636741177883,0.19,0.0243150619986871,0.181,0.0238636741177883,0.206,0.0250668598432272,0.196,0.0246043633203543,0.181,0.0238636741177883,0.203,0.0249306298676948,0.201,0.024838621507644,0.186,0.0241170812164324,0.184,0.0240165191149758,0.189,0.0242659557075339,0.164,0.0229499177863451,0.177,0.0236560713898144,0.197,0.024651704719958
9,4,0.146,0.0218857500305564,0.142,0.0216343517952352,0.149,0.0220705921624228,0.14,0.0215064790237732,0.151,0.0221920994590417,0.152,0.0222523453505467,0.185,0.0240669325008402,0.154,0.0223718352935113,0.16,0.022722478738025,0.159,0.02266483863609,0.157,0.0225486053138547,0.142,0.0216343517952352,0.156,0.0224900071676289,0.176,0.0236034785233024,0.156,0.0224900071676289,0.169,0.0232273645168796,0.164,0.0229499177863451,0.153,0.0223122563986702,0.158,0.0226068816425441,0.145,0.0218234360264372
9,5,0.171,0.0233362673621982,0.139,0.0214419879302269,0.163,0.0228935215639708,0.026,0.0098632995696166,0.151,0.0221920994590417,0.156,0.0224900071676289,0.154,0.0223718352935113,0.115,0.0197731848724478,0.079,0.016718581710181,0.171,0.0233362673621982,0.162,0.022836817851881,0.153,0.0223122563986702,0.141,0.0215705992128174,0.165,0.0230060087803165,0.127,0.0206378786119116,0.139,0.0214419879302269,0.165,0.0230060087803165,0.149,0.0220705921624228,0.164,0.0229499177863451,0.146,0.0218857500305564
9,6,0.164,0.0229499177863451,0.158,0.0226068816425441,0.115,0.0197731848724478,0.159,0.02266483863609,0.152,0.0222523453505467,0.163,0.0228935215639708,0.072,0.0160212466930635,0.132,0.0209798751569212,0.179,0.02376042285819,0.172,0.0233902822898741,0.157,0.0225486053138547,0.164,0.0229499177863451,0.148,0.0220093251509445,0.133,0.021047060070233,0.131,0.0209122907018815,0.132,0.0209798751569212,0.145,0.0218234360264372,0.157,0.0225486053138547,0.155,0.0224310846817535,0.156,0.0224900071676289
9,8,0.065,0.0152798311508995,0.124,0.0204276762848837,0.146,0.0218857500305564,0.128,0.0207071008497085,0.144,0.0217607670453042,0.065,0.0152798311508995,0.169,0.0232273645168796,0.162,0.022836817851881,0.153,0.0223122563986702,0.047,0.0131175114103247,0.146,0.0218857500305564,0.153,0.0223122563986702,0.164,0.0229499177863451,0.129,0.0207759075469641,0.136,0.021246255350061,0.146,0.0218857500305564,0.146,0.0218857500305564,0.149,0.0220705921624228,0.147,0.021947712081217,0.157,0.0225486053138547
9,11,0.053,0.0138857389288435,0.137,0.0213118795417016,0.134,0.0211138492558794,0.158,0.0226068816425441,0.142,0.0216343517952352,0.156,0.0224900071676289,0.163,0.0228935215639708,0.084,0.0171926749053194,0.132,0.0209798751569212,0.161,0.0227798043538569,0.155,0.0224310846817535,0.129,0.0207759075469641,0.109,0.0193155986290873,0.131,0.0209122907018815,0.158,0.0226068816425441,0.1,0.01859419264179,0.158,0.0226068816425441,0.147,0.021947712081217,0.161,0.0227798043538569,0.107,0.019159037595871
9,14,0.144,0.0217607670453042,0.078,0.0166214471572122,0.085,0.0172852665585463,0.164,0.0229499177863451,0.152,0.0222523453505467,0.165,0.0230060087803165,0.156,0.0224900071676289,0.062,0.0149469759349508,0.165,0.0230060087803165,0.155,0.0224310846817535,0.083,0.0170993572276854,0.141,0.0215705992128174,0.138,0.021377122575314,0.144,0.0217607670453042,0.161,0.0227798043538569,0.141,0.0215705992128174,0.163,0.0228935215639708,0.161,0.0227798043538569,0.135,0.0211802464574895,0.148,0.0220093251509445
9,18,0.146,0.0218857500305564,0.146,0.0218857500305564,0.155,0.0224310846817535,0.086,0.0173771437929252,0.092,0.0179140140002178,0.146,0.0218857500305564,0.149,0.0220705921624228,0.116,0.019847746229736,0.147,0.021947712081217,0.154,0.0223718352935113,0.174,0.0234974491892205,0.157,0.0225486053138547,0.153,0.0223122563986702,0.146,0.0218857500305564,0.127,0.0206378786119116,0.071,0.01591816868864,0.133,0.021047060070233,0.121,0.0202135779712548,0.148,0.0220093251509445,0.159,0.02266483863609
9,23,0.104,0.0189202445650155,0.08,0.0168149267021893,0.138,0.021377122575314,0.09,0.017737729279702,0.149,0.0220705921624228,0.108,0.0192375772279151,0.158,0.0226068816425441,0.144,0.0217607670453042,0.103,0.0188395664918277,0.171,0.0233362673621982,0.15,0.0221315159896469,0.123,0.0203567490921315,0.147,0.021947712081217,0.072,0.0160212466930635,0.119,0.0200686198429289,0.076,0.0164247532218904,0.108,0.0192375772279151,0.134,0.0211138492558794,0.053,0.0138857389288435,0.142,0.0216343517952352
9,30,0.161,0.0227798043538569,0.073,0.016123427476811,0.136,0.021246255350061,0.128,0.0207071008497085,0.119,0.0200686198429289,0.143,0.0216977400113468,0.168,0.0231724724964773,0.168,0.0231724724964773,0.152,0.0222523453505467,0.167,0.0231172839581123,0.159,0.02266483863609,0.151,0.0221920994590417,0.146,0.0218857500305564,0.093,0.01800118889407,0.165,0.0230060087803165,0.084,0.0171926749053194,0.13,0.020844302818756,0.157,0.0225486053138547,0.138,0.021377122575314,0.069,0.0157092502176265
9,39,0.141,0.0215705992128174,0.158,0.0226068816425441,0.162,0.022836817851881,0.119,0.0200686198429289,0.121,0.0202135779712548,0.149,0.0220705921624228,0.125,0.0204981706500848,0.165,0.0230060087803165,0.13,0.020844302818756,0.149,0.0220705921624228,0.161,0.0227798043538569,0.131,0.0209122907018815,0.146,0.0218857500305564,0.046,0.012984019963016,0.17,0.0232819621166258,0.142,0.0216343517952352,0.161,0.0227798043538569,0.107,0.019159037595871,0.148,0.0220093251509445,0.162,0.0228368178518812
9,51,0.143,0.0216977400113468,0.128,0.0207071008497085,0.101,0.0186765478180524,0.112,0.0195466152977951,0.126,0.0205682366380786,0.083,0.0170993572276854,0.161,0.0227798043538569,0.105,0.0190003778909789,0.131,0.0209122907018815,0.119,0.0200686198429289,0.156,0.0224900071676289,0.127,0.0206378786119116,0.165,0.0230060087803165,0.116,0.019847746229736,0.076,0.0164247532218904,0.18,0.0238121851160283,0.142,0.0216343517952352,0.136,0.021246255350061,0.103,0.0188395664918277,0.158,0.0226068816425441
9,66,0.154,0.0223718352935113,0.16,0.022722478738025,0.161,0.0227798043538569,0.116,0.019847746229736,0.137,0.0213118795417016,0.142,0.0216343517952352,0.143,0.0216977400113468,0.142,0.0216343517952352,0.144,0.0217607670453042,0.13,0.020844302818756,0.16,0.022722478738025,0.092,0.0179140140002178,0.14,0.0215064790237732,0.14,0.0215064790237732,0.145,0.0218234360264372,0.154,0.0223718352935113,0.158,0.0226068816425441,0.127,0.0206378786119116,0.154,0.0223718352935113,0.154,0.0223718352935113
9,85,0.1,0.01859419264179,0.13,0.020844302818756,0.139,0.0214419879302269,0.152,0.0222523453505467,0.137,0.0213118795417016,0.115,0.0197731848724478,0.164,0.0229499177863451,0.126,0.0205682366380786,0.135,0.0211802464574895,0.164,0.0229499177863451,0.109,0.0193155986290873,0.155,0.0224310846817535,0.169,0.0232273645168796,0.135,0.0211802464574895,0.122,0.0202853845317262,0.145,0.0218234360264372,0.121,0.0202135779712548,0.143,0.0216977400113468,0.137,0.0213118795417016,0.069,0.0157092502176265
9,110,0.127,0.0206378786119116,0.167,0.0231172839581123,0.04,0.0121456757737064,0.173,0.0234440089063282,0.119,0.0200686198429289,0.111,0.0194701116175537,0.145,0.0218234360264372,0.161,0.0227798043538569,0.055,0.0141303630526607,0.122,0.0202853845317262,0.125,0.0204981706500848,0.174,0.0234974491892205,0.128,0.0207071008497085,0.133,0.021047060070233,0.133,0.021047060070233,0.112,0.0195466152977951,0.105,0.0190003778909789,0.141,0.0215705992128174,0.131,0.0209122907018815,0.15,0.0221315159896469
9,142,0.126,0.0205682366380786,0.165,0.0230060087803165,0.089,0.017648600125789,0.127,0.0206378786119116,0.151,0.0221920994590417,0.175,0.0235506050877679,0.129,0.0207759075469641,0.067,0.0154965240489601,0.151,0.0221920994590417,0.15,0.0221315159896469,0.159,0.02266483863609,0.084,0.0171926749053194,0.137,0.0213118795417016,0.159,0.02266483863609,0.079,0.016718581710181,0.098,0.0184277528092819,0.154,0.0223718352935113,0.121,0.0202135779712548,0.132,0.0209798751569212,0.143,0.0216977400113468
9,184,0.15,0.0221315159896469,0.093,0.01800118889407,0.121,0.0202135779712548,0.132,0.0209798751569212,0.151,0.0221920994590417,0.105,0.0190003778909789,0.089,0.017648600125789,0.052,0.0137613776054579,0.141,0.0215705992128174,0.153,0.0223122563986702,0.156,0.0224900071676289,0.122,0.0202853845317262,0.146,0.0218857500305564,0.072,0.0160212466930635,0.114,0.0196981462681136,0.089,0.017648600125789,0.17,0.0232819621166258,0.166,0.0230617967730183,0.145,0.0218234360264372,0.167,0.0231172839581123
9,237,0.173,0.0234440089063282,0.151,0.0221920994590417,0.155,0.0224310846817535,0.147,0.021947712081217,0.141,0.0215705992128174,0.161,0.0227798043538569,0.14,0.0215064790237732,0.058,0.0144875690714488,0.143,0.0216977400113468,0.124,0.0204276762848837,0.164,0.0229499177863451,0.16,0.022722478738025,0.161,0.0227798043538569,0.152,0.0222523453505467,0.152,0.0222523453505467,0.159,0.02266483863609,0.156,0.0224900071676289,0.166,0.0230617967730183,0.16,0.022722478738025,0.159,0.02266483863609
9,307,0.157,0.0225486053138547,0.15,0.0221315159896469,0.161,0.0227798043538569,0.145,0.0218234360264372,0.145,0.0218234360264372,0.153,0.0223122563986702,0.171,0.0233362673621982,0.16,0.022722478738025,0.16,0.022722478738025,0.141,0.0215705992128174,0.147,0.021947712081217,0.15,0.0221315159896469,0.121,0.0202135779712548,0.138,0.021377122575314,0.156,0.0224900071676289,0.155,0.0224310846817535,0.146,0.0218857500305564,0.158,0.0226068816425441,0.158,0.0226068816425441,0.16,0.022722478738025
9,396,0.172,0.0233902822898741,0.165,0.0230060087803165,0.159,0.02266483863609,0.15,0.0221315159896469,0.154,0.0223718352935113,0.149,0.0220705921624228,0.146,0.0218857500305564,0.162,0.022836817851881,0.118,0.0199954585243749,0.157,0.0225486053138547,0.141,0.0215705992128174,0.159,0.02266483863609,0.168,0.0231724724964773,0.177,0.0236560713898144,0.149,0.0220705921624228,0.168,0.0231724724964773,0.152,0.0222523453505467,0.158,0.0226068816425441,0.171,0.0233362673621982,0.168,0.0231724724964773
9,512,0.177,0.0236560713898144,0.152,0.0222523453505467,0.158,0.0226068816425441,0.154,0.0223718352935113,0.17,0.0232819621166258,0.153,0.0223122563986702,0.153,0.0223122563986702,0.16,0.022722478738025,0.159,0.02266483863609,0.141,0.0215705992128174,0.17,0.0232819621166258,0.151,0.0221920994590417,0.133,0.021047060070233,0.165,0.0230060087803165,0.147,0.021947712081217,0.158,0.0226068816425441,0.155,0.0224310846817535,0.169,0.0232273645168796,0.167,0.0231172839581123,0.169,0.0232273645168796
10,4,0.128,0.0207071008497085,0.115,0.0197731848724478,0.123,0.0203567490921315,0.103,0.0188395664918277,0.134,0.0211138492558794,0.061,0.0148338466487961,0.122,0.0202853845317262,0.122,0.0202853845317262,0.112,0.0195466152977951,0.138,0.021377122575314,0.119,0.0200686198429289,0.115,0.0197731848724478,0.129,0.0207759075469641,0.139,0.0214419879302269,0.102,0.018758336642677,0.059,0.0146041703085111,0.125,0.0204981706500848,0.109,0.0193155986290873,0.134,0.0211138492558794,0.152,0.0222523453505467
10,5,0.128,0.0207071008497085,0.135,0.0211802464574895,0.113,0.019622624941633,0.119,0.0200686198429289,0.104,0.0189202445650155,0.122,0.0202853845317262,0.136,0.021246255350061,0.157,0.0225486053138547,0.12,0.0201413246833469,0.113,0.019622624941633,0.125,0.0204981706500848,0.119,0.0200686198429289,0.132,0.0209798751569212,0.118,0.0199954585243749,0.127,0.0206378786119116,0.123,0.0203567490921315,0.039,0.0119991385690806,0.113,0.019622624941633,0.127,0.0206378786119116,0.11,0.0193931080541516
10,6,0.134,0.0211138492558794,0.131,0.0209122907018815,0.107,0.019159037595871,0.151,0.0221920994590417,0.115,0.0197731848724478,0.117,0.0199218356985494,0.124,0.0204276762848837,0.115,0.0197731848724478,0.122,0.0202853845317262,0.122,0.0202853845317262,0.11,0.0193931080541516,0.114,0.0196981462681136,0.119,0.0200686198429289,0.128,0.0207071008497085,0.13,0.020844302818756,0.117,0.0199218356985494,0.125,0.0204981706500848,0.115,0.0197731848724478,0.132,0.0209798751569212,0.031,0.0107423378461115
10,8,0.11,0.0193931080541516,0.125,0.0204981706500848,0.127,0.0206378786119116,0.078,0.0166214471572122,0.078,0.0166214471572122,0.106,0.019079973333314,0.134,0.0211138492558794,0.085,0.0172852665585463,0.131,0.0209122907018815,0.11,0.0193931080541516,0.135,0.0211802464574895,0.115,0.0197731848724478,0.135,0.0211802464574895,0.127,0.0206378786119116,0.131,0.0209122907018815,0.116,0.019847746229736,0.116,0.019847746229736,0.104,0.0189202445650155,0.148,0.0220093251509445,0.14,0.0215064790237732
10,11,0.122,0.0202853845317262,0.131,0.0209122907018815,0.115,0.0197731848724478,0.045,0.0128488427494463,0.109,0.0193155986290873,0.135,0.0211802464574895,0.131,0.0209122907018815,0.122,0.0202853845317262,0.122,0.0202853845317262,0.111,0.0194701116175537,0.126,0.0205682366380786,0.114,0.0196981462681136,0.047,0.0131175114103247,0.141,0.0215705992128174,0.13,0.020844302818756,0.099,0.0185112635549278,0.112,0.0195466152977951,0.134,0.0211138492558794,0.056,0.0142506962075542,0.103,0.0188395664918277
10,14,0.117,0.0199218356985494,0.138,0.021377122575314,0.111,0.0194701116175537,0.123,0.0203567490921315,0.131,0.0209122907018815,0.128,0.0207071008497085,0.136,0.021246255350061,0.031,0.0107423378461115,0.102,0.018758336642677,0.138,0.021377122575314,0.007,0.0051674908417915,0.128,0.0207071008497085,0.113,0.019622624941633,0.149,0.0220705921624228,0.131,0.0209122907018815,0.135,0.0211802464574895,0.148,0.0220093251509445,0.117,0.0199218356985494,0.119,0.0200686198429289,0.145,0.0218234360264372
10,18,0.12,0.0201413246833469,0.115,0.0197731848724478,0.122,0.0202853845317262,0.073,0.016123427476811,0.112,0.0195466152977951,0.122,0.0202853845317262,0.127,0.0206378786119116,0.139,0.0214419879302269,0.119,0.0200686198429289,0.115,0.0197731848724478,0.128,0.0207071008497085,0.129,0.0207759075469641,0.132,0.0209798751569212,0.125,0.0204981706500848,0.103,0.0188395664918277,0.111,0.0194701116175537,0.119,0.0200686198429289,0.119,0.0200686198429289,0.13,0.020844302818756,0.132,0.0209798751569212
10,23,0.129,0.0207759075469641,0.131,0.0209122907018815,0.131,0.0209122907018815,0.118,0.0199954585243749,0.112,0.0195466152977951,0.121,0.0202135779712548,0.122,0.0202853845317262,0.147,0.021947712081217,0.065,0.0152798311508995,0.054,0.0140087220830452,0.119,0.0200686198429289,0.138,0.021377122575314,0.141,0.0215705992128174,0.074,0.0162247279915565,0.112,0.0195466152977951,0.117,0.0199218356985494,0.091,0.017826197306212,0.139,0.0214419879302269,0.137,0.0213118795417016,0.146,0.0218857500305564
10,30,0.134,0.0211138492558794,0.125,0.0204981706500848,0.117,0.0199218356985494,0.129,0.0207759075469641,0.131,0.0209122907018815,0.085,0.0172852665585463,0.125,0.0204981706500848,0.127,0.0206378786119116,0.029,0.0104007506652164,0.124,0.0204276762848837,0.127,0.0206378786119116,0.096,0.0182589543621752,0.12,0.0201413246833469,0.128,0.0207071008497085,0.072,0.0160212466930635,0.129,0.0207759075469641,0.125,0.0204981706500848,0.112,0.0195466152977951,0.083,0.0170993572276854,0.129,0.0207759075469641
10,39,0.12,0.0201413246833469,0.137,0.0213118795417016,0.127,0.0206378786119116,0.134,0.0211138492558794,0.134,0.0211138492558794,0.121,0.0202135779712548,0.11,0.0193931080541516,0.081,0.0169104956284551,0.13,0.020844302818756,0.1,0.01859419264179,0.12,0.0201413246833469,0.122,0.0202853845317262,0.125,0.0204981706500848,0.112,0.0195466152977951,0.108,0.0192375772279151,0.132,0.0209798751569212,0.117,0.0199218356985494,0.125,0.0204981706500848,0.14,0.0215064790237732,0.109,0.0193155986290873
10,51,0.095,0.0181736501562014,0.106,0.019079973333314,0.147,0.021947712081217,0.105,0.0190003778909789,0.136,0.021246255350061,0.109,0.0193155986290873,0.102,0.018758336642677,0.139,0.0214419879302269,0.076,0.0164247532218904,0.13,0.020844302818756,0.126,0.0205682366380786,0.123,0.0203567490921315,0.122,0.0202853845317262,0.128,0.0207071008497085,0.108,0.0192375772279151,0.122,0.0202853845317262,0.122,0.0202853845317262,0.112,0.0195466152977951,0.12,0.0201413246833469,0.094,0.0180877312673535
10,66,0.12,0.0201413246833469,0.14,0.0215064790237732,0.142,0.0216343517952352,0.12,0.0201413246833469,0.121,0.0202135779712548,0.121,0.0202135779712548,0.125,0.0204981706500848,0.109,0.0193155986290873,0.137,0.0213118795417016,0.116,0.019847746229736,0.134,0.0211138492558794,0.112,0.0195466152977951,0.132,0.0209798751569212,0.114,0.0196981462681136,0.118,0.0199954585243749,0.109,0.0193155986290873,0.107,0.019159037595871,0.135,0.0211802464574895,0.116,0.019847746229736,0.103,0.0188395664918277
10,85,0.121,0.0202135779712548,0.093,0.01800118889407,0.056,0.0142506962075542,0.128,0.0207071008497085,0.092,0.0179140140002178,0.12,0.0201413246833469,0.124,0.0204276762848837,0.13,0.020844302818756,0.148,0.0220093251509445,0.128,0.0207071008497085,0.133,0.021047060070233,0.127,0.0206378786119116,0.123,0.0203567490921315,0.131,0.0209122907018815,0.105,0.0190003778909789,0.071,0.01591816868864,0.059,0.0146041703085111,0.103,0.0188395664918277,0.102,0.018758336642677,0.128,0.0207071008497085
10,110,0.139,0.0214419879302269,0.099,0.0185112635549278,0.092,0.0179140140002178,0.083,0.0170993572276854,0.056,0.0142506962075542,0.118,0.0199954585243749,0.13,0.020844302818756,0.099,0.0185112635549278,0.118,0.0199954585243749,0.128,0.0207071008497085,0.128,0.0207071008497085,0.126,0.0205682366380786,0.138,0.021377122575314,0.123,0.0203567490921315,0.107,0.019159037595871,0.146,0.0218857500305564,0.14,0.0215064790237732,0.094,0.0180877312673535,0.076,0.0164247532218904,0.099,0.0185112635549278
10,142,0.12,0.0201413246833469,0.143,0.0216977400113468,0.136,0.021246255350061,0.13,0.020844302818756,0.145,0.0218234360264372,0.112,0.0195466152977951,0.138,0.021377122575314,0.137,0.0213118795417016,0.141,0.0215705992128174,0.111,0.0194701116175537,0.09,0.017737729279702,0.12,0.0201413246833469,0.132,0.0209798751569212,0.116,0.019847746229736,0.127,0.0206378786119116,0.126,0.0205682366380786,0.088,0.0175587997767501,0.125,0.0204981706500848,0.116,0.019847746229736,0.104,0.0189202445650155
10,184,0.117,0.0199218356985494,0.109,0.0193155986290873,0.142,0.0216343517952352,0.111,0.0194701116175537,0.133,0.021047060070233,0.113,0.019622624941633,0.119,0.0200686198429289,0.113,0.019622624941633,0.072,0.0160212466930635,0.136,0.0212462553500611,0.119,0.0200686198429289,0.113,0.019622624941633,0.092,0.0179140140002178,0.141,0.0215705992128174,0.123,0.0203567490921315,0.092,0.0179140140002178,0.106,0.019079973333314,0.12,0.0201413246833469,0.091,0.017826197306212,0.126,0.0205682366380786
10,237,0.119,0.0200686198429289,0.136,0.021246255350061,0.115,0.0197731848724478,0.12,0.0201413246833469,0.128,0.0207071008497085,0.109,0.0193155986290873,0.106,0.019079973333314,0.082,0.0170053015733329,0.132,0.0209798751569212,0.128,0.0207071008497085,0.134,0.0211138492558794,0.119,0.0200686198429289,0.115,0.0197731848724478,0.112,0.0195466152977951,0.111,0.0194701116175537,0.117,0.0199218356985494,0.135,0.0211802464574895,0.132,0.0209798751569212,0.14,0.0215064790237732,0.134,0.0211138492558794
10,307,0.12,0.0201413246833469,0.119,0.0200686198429289,0.109,0.0193155986290873,0.131,0.0209122907018815,0.121,0.0202135779712548,0.13,0.020844302818756,0.078,0.0166214471572122,0.123,0.0203567490921315,0.131,0.0209122907018815,0.123,0.0203567490921315,0.108,0.0192375772279151,0.124,0.0204276762848837,0.138,0.021377122575314,0.122,0.0202853845317262,0.125,0.0204981706500848,0.111,0.0194701116175537,0.131,0.0209122907018815,0.124,0.0204276762848837,0.129,0.0207759075469641,0.117,0.0199218356985494
10,396,0.138,0.021377122575314,0.125,0.0204981706500848,0.138,0.021377122575314,0.129,0.0207759075469641,0.117,0.0199218356985494,0.105,0.0190003778909789,0.108,0.0192375772279151,0.132,0.0209798751569212,0.12,0.0201413246833469,0.121,0.0202135779712548,0.112,0.0195466152977951,0.115,0.0197731848724478,0.107,0.019159037595871,0.128,0.0207071008497085,0.131,0.0209122907018815,0.117,0.0199218356985494,0.128,0.0207071008497085,0.138,0.021377122575314,0.117,0.0199218356985494,0.136,0.0212462553500611
10,512,0.123,0.0203567490921315,0.142,0.0216343517952352,0.099,0.0185112635549278,0.117,0.0199218356985494,0.097,0.0183436524607287,0.13,0.020844302818756,0.12,0.0201413246833469,0.137,0.0213118795417016,0.09,0.017737729279702,0.126,0.0205682366380786,0.142,0.0216343517952352,0.13,0.020844302818756,0.122,0.0202853845317262,0.13,0.020844302818756,0.121,0.0202135779712548,0.145,0.0218234360264372,0.147,0.021947712081217,0.132,0.0209798751569212,0.119,0.0200686198429289,0.121,0.0202135779712548
